Date,Open,Close,High,Low
2016-07-01,1.1136,1.1103,1.1169,1.1069
2016-06-30,1.1105,1.1123,1.1157,1.1022
2016-06-29,1.1125,1.1063,1.1131,1.1046
2016-06-28,1.1066,1.1024,1.1112,1.1006
2016-06-27,1.1026,1.1068,1.1087,1.0968
2016-06-26,1.104,1.101,1.1075,1.1008
2016-06-24,1.1117,1.139,1.1434,1.0909
2016-06-23,1.1388,1.1294,1.1424,1.1293
2016-06-22,1.1297,1.124,1.1339,1.1234
2016-06-21,1.1242,1.131,1.1351,1.1239
2016-06-20,1.1314,1.1281,1.1386,1.128
2016-06-19,1.1347,1.1334,1.1358,1.1308
2016-06-17,1.1277,1.1223,1.1299,1.1218
2016-06-16,1.1226,1.1257,1.1298,1.1129
2016-06-15,1.1259,1.1203,1.1299,1.1188
2016-06-14,1.1208,1.1291,1.1304,1.1186
2016-06-13,1.1292,1.1251,1.1304,1.1231
2016-06-12,1.1239,1.1251,1.1254,1.1235
2016-06-10,1.1251,1.1315,1.1329,1.1243
2016-06-09,1.1316,1.1397,1.1417,1.1303
2016-06-08,1.1394,1.1356,1.1412,1.1347
2016-06-07,1.1358,1.1353,1.1382,1.1336
2016-06-06,1.1355,1.1349,1.1396,1.1325
2016-06-05,1.1351,1.1356,1.1372,1.1345
2016-06-03,1.1367,1.115,1.1377,1.1134
2016-06-02,1.1151,1.1187,1.1221,1.114
2016-06-01,1.1188,1.113,1.1198,1.1111
2016-05-31,1.1132,1.1135,1.1176,1.112
2016-05-30,1.1146,1.1114,1.1148,1.1096
2016-05-29,1.1108,1.1114,1.1115,1.1107
2016-05-27,1.1115,1.1192,1.1201,1.1106
2016-05-26,1.1194,1.1152,1.1218,1.1142
2016-05-25,1.1155,1.1139,1.1169,1.1126
2016-05-24,1.1141,1.1218,1.1228,1.1129
2016-05-23,1.1219,1.1215,1.1246,1.1184
2016-05-22,1.1221,1.1212,1.1223,1.1212
2016-05-20,1.1224,1.1202,1.1239,1.1192
2016-05-19,1.1203,1.1215,1.123,1.1178
2016-05-18,1.1217,1.1311,1.1327,1.121
2016-05-17,1.1314,1.1318,1.135,1.13
2016-05-16,1.132,1.1307,1.1345,1.1299
2016-05-15,1.1318,1.1313,1.1319,1.1303
2016-05-13,1.1308,1.1375,1.1383,1.1281
2016-05-12,1.1377,1.1424,1.1434,1.1366
2016-05-11,1.1427,1.1371,1.1448,1.1366
2016-05-10,1.1372,1.1381,1.1413,1.1357
2016-05-09,1.1383,1.1399,1.1422,1.1373
2016-05-08,1.1385,1.1397,1.1401,1.1384
2016-05-06,1.1405,1.1405,1.1479,1.1384
2016-05-05,1.1405,1.1485,1.1496,1.1384
2016-05-04,1.1487,1.1494,1.153,1.1465
2016-05-03,1.1497,1.1531,1.1616,1.1493
2016-05-02,1.1532,1.1444,1.1539,1.1443
2016-05-01,1.1462,1.1461,1.1466,1.1453
2016-04-29,1.1456,1.1352,1.1461,1.1333
2016-04-28,1.1353,1.1318,1.137,1.1294
2016-04-27,1.1321,1.1295,1.1363,1.1271
2016-04-26,1.1299,1.1264,1.1339,1.1254
2016-04-25,1.1266,1.1228,1.128,1.1213
2016-04-24,1.1232,1.1219,1.1234,1.1219
2016-04-22,1.1234,1.1287,1.1312,1.1216
2016-04-21,1.1288,1.1295,1.1396,1.127
2016-04-20,1.1297,1.1354,1.1388,1.1286
2016-04-19,1.1358,1.1312,1.1387,1.13
2016-04-18,1.1314,1.1295,1.1334,1.1272
2016-04-15,1.1283,1.1268,1.132,1.1243
2016-04-14,1.1268,1.1272,1.1296,1.1232
2016-04-13,1.1274,1.1383,1.1393,1.1264
2016-04-12,1.1386,1.1406,1.1466,1.1345
2016-04-11,1.1408,1.1405,1.1448,1.1371
2016-04-08,1.1401,1.1376,1.1421,1.1347
2016-04-07,1.1377,1.1396,1.1455,1.1335
2016-04-06,1.1399,1.1382,1.1434,1.1325
2016-04-05,1.1384,1.1387,1.1406,1.1334
2016-04-04,1.1392,1.1391,1.1414,1.1355
2016-04-01,1.1387,1.1378,1.1439,1.1332
2016-03-31,1.138,1.1336,1.1413,1.1307
2016-03-30,1.1338,1.1288,1.1366,1.1279
2016-03-29,1.1291,1.1196,1.1305,1.1166
2016-03-28,1.1196,1.1161,1.1221,1.1151
2016-03-25,1.1166,1.1173,1.1189,1.115
2016-03-24,1.1174,1.1178,1.1188,1.1142
2016-03-23,1.1184,1.1217,1.1224,1.1157
2016-03-22,1.1217,1.1242,1.1263,1.1187
2016-03-21,1.1241,1.1268,1.1286,1.1233
2016-03-18,1.127,1.1316,1.1339,1.1254
2016-03-17,1.1319,1.1222,1.1344,1.1203
2016-03-16,1.1225,1.1107,1.1245,1.1055
2016-03-15,1.1109,1.1099,1.1125,1.107
2016-03-14,1.1106,1.1149,1.1177,1.1074
2016-03-11,1.1153,1.1174,1.1212,1.1078
2016-03-10,1.1177,1.0997,1.1218,1.082
2016-03-09,1.0999,1.101,1.1037,1.0944
2016-03-08,1.1011,1.1012,1.1059,1.099
2016-03-07,1.1014,1.1006,1.1027,1.0938
2016-03-04,1.1004,1.0955,1.1045,1.09
2016-03-03,1.0957,1.0865,1.0974,1.0851
2016-03-02,1.0868,1.0866,1.0881,1.0823
2016-03-01,1.0867,1.087,1.0896,1.0832
2016-02-29,1.0873,1.093,1.0964,1.0856
2016-02-26,1.0934,1.1017,1.1071,1.091
2016-02-25,1.1023,1.1011,1.1052,1.0985
2016-02-24,1.1013,1.1017,1.1047,1.0955
2016-02-23,1.102,1.1027,1.1055,1.0987
2016-02-22,1.1029,1.1125,1.1137,1.1
2016-02-19,1.1135,1.1105,1.114,1.1064
2016-02-18,1.1107,1.1126,1.1153,1.1068
2016-02-17,1.1128,1.1142,1.118,1.1103
2016-02-16,1.1144,1.1152,1.1196,1.112
2016-02-15,1.1155,1.1249,1.1253,1.1125
2016-02-12,1.126,1.1325,1.1335,1.1212
2016-02-11,1.1324,1.1289,1.1378,1.1271
2016-02-10,1.129,1.1291,1.1311,1.1158
2016-02-09,1.1293,1.1195,1.1339,1.1161
2016-02-08,1.1198,1.1156,1.1218,1.1084
2016-02-05,1.1159,1.1206,1.1246,1.1107
2016-02-04,1.1208,1.1102,1.124,1.1068
2016-02-03,1.1104,1.0916,1.1146,1.0902
2016-02-02,1.0919,1.0888,1.0943,1.0882
2016-02-01,1.0889,1.0831,1.0915,1.0812
2016-01-29,1.0837,1.0936,1.0951,1.0809
2016-01-28,1.0939,1.0889,1.0969,1.0867
2016-01-27,1.0893,1.0869,1.0917,1.0849
2016-01-26,1.0872,1.0847,1.0876,1.0817
2016-01-25,1.0849,1.0797,1.0858,1.0786
2016-01-22,1.0797,1.0871,1.0879,1.0787
2016-01-21,1.0874,1.0891,1.0922,1.0777
2016-01-20,1.0891,1.0908,1.0977,1.0875
2016-01-19,1.0909,1.0889,1.0941,1.0858
2016-01-18,1.0893,1.0916,1.094,1.0867
2016-01-15,1.0917,1.0863,1.0987,1.0852
2016-01-14,1.0865,1.0878,1.0945,1.0833
2016-01-13,1.0877,1.0854,1.0891,1.0803
2016-01-12,1.0857,1.0856,1.0903,1.0818
2016-01-11,1.086,1.0922,1.0969,1.0846
2016-01-08,1.0932,1.0931,1.0936,1.0801
2016-01-07,1.0936,1.0778,1.0941,1.0769
2016-01-06,1.0781,1.0746,1.0802,1.0718
2016-01-05,1.0748,1.0829,1.084,1.0709
2016-01-04,1.0832,1.0856,1.0949,1.078
2016-01-01,1.086,1.086,1.0869,1.0843
2015-12-31,1.086,1.0932,1.0938,1.085
2015-12-30,1.0933,1.0917,1.0947,1.09
2015-12-29,1.0917,1.0967,1.0992,1.0898
2015-12-28,1.0968,1.0962,1.0995,1.0948
2015-12-25,1.0977,1.0969,1.0979,1.0941
2015-12-24,1.0973,1.0909,1.0976,1.0899
2015-12-23,1.091,1.0954,1.0958,1.0869
2015-12-22,1.0955,1.0913,1.0984,1.0901
2015-12-21,1.0915,1.0861,1.094,1.0846
2015-12-18,1.0868,1.0825,1.0877,1.0803
2015-12-17,1.0825,1.0914,1.0916,1.0799
2015-12-16,1.0913,1.0931,1.1007,1.0886
2015-12-15,1.0928,1.0991,1.1059,1.0903
2015-12-14,1.0992,1.0983,1.105,1.0944
2015-12-11,1.099,1.094,1.1033,1.0924
2015-12-10,1.094,1.1026,1.1029,1.0924
2015-12-09,1.1025,1.0888,1.1041,1.0877
2015-12-08,1.0894,1.0835,1.0901,1.0827
2015-12-07,1.0836,1.0858,1.0888,1.0794
2015-12-04,1.0886,1.0937,1.0958,1.0834
2015-12-03,1.0941,1.0613,1.0983,1.0538
2015-12-02,1.0615,1.0629,1.0644,1.0549
2015-12-01,1.0632,1.0566,1.0637,1.0561
2015-11-30,1.0564,1.0589,1.0596,1.0556
2015-11-27,1.0593,1.0607,1.064,1.0567
2015-11-26,1.0611,1.0626,1.0634,1.0598
2015-11-25,1.0627,1.0641,1.069,1.0565
2015-11-24,1.0641,1.0633,1.0674,1.0619
2015-11-23,1.0636,1.0645,1.0658,1.0591
2015-11-20,1.0646,1.0733,1.0745,1.0638
2015-11-19,1.0734,1.0655,1.0764,1.0652
2015-11-18,1.0659,1.0639,1.0694,1.0615
2015-11-17,1.0644,1.0687,1.0696,1.0629
2015-11-16,1.0687,1.0749,1.078,1.0672
2015-11-13,1.0779,1.0813,1.0818,1.0713
2015-11-12,1.0817,1.0743,1.0829,1.0689
2015-11-11,1.0744,1.0723,1.0774,1.0704
2015-11-10,1.0723,1.0751,1.0763,1.0673
2015-11-09,1.0752,1.0735,1.0793,1.0716
2015-11-06,1.0741,1.0883,1.0896,1.0706
2015-11-05,1.0883,1.0863,1.0898,1.0832
2015-11-04,1.0862,1.0962,1.0967,1.0842
2015-11-03,1.0967,1.1013,1.1032,1.0935
2015-11-02,1.1015,1.1013,1.1053,1.0999
2015-10-30,1.1005,1.0975,1.1073,1.0964
2015-10-29,1.0977,1.0923,1.0984,1.0903
2015-10-28,1.092,1.105,1.1096,1.0894
2015-10-27,1.1049,1.1055,1.1079,1.1029
2015-10-26,1.1057,1.1007,1.1068,1.0987
2015-10-23,1.1018,1.1107,1.1142,1.0993
2015-10-22,1.1106,1.1338,1.1352,1.1098
2015-10-21,1.1339,1.1344,1.138,1.1332
2015-10-20,1.1345,1.1324,1.1387,1.1322
2015-10-19,1.1327,1.1349,1.1382,1.1304
2015-10-16,1.1346,1.1382,1.1398,1.1333
2015-10-15,1.1383,1.1473,1.1496,1.1362
2015-10-14,1.1474,1.1378,1.1489,1.1374
2015-10-13,1.1379,1.1355,1.1413,1.1343
2015-10-12,1.1356,1.1354,1.1397,1.1351
2015-10-09,1.1358,1.1278,1.1391,1.1265
2015-10-08,1.1279,1.1234,1.1325,1.1231
2015-10-07,1.1236,1.1269,1.1283,1.121
2015-10-06,1.1272,1.1189,1.1282,1.117
2015-10-05,1.1185,1.1219,1.1289,1.117
2015-10-02,1.1211,1.1194,1.1319,1.1149
2015-10-01,1.1195,1.1175,1.1209,1.1133
2015-09-30,1.1177,1.1245,1.1262,1.1156
2015-09-29,1.1249,1.1243,1.1285,1.1192
2015-09-28,1.1245,1.1193,1.1249,1.1146
2015-09-25,1.1195,1.1227,1.1231,1.1114
2015-09-24,1.123,1.1184,1.1296,1.1163
2015-09-23,1.1186,1.1119,1.1215,1.1103
2015-09-22,1.112,1.1186,1.1209,1.1112
2015-09-21,1.1189,1.1281,1.1333,1.118
2015-09-18,1.1305,1.1435,1.146,1.1267
2015-09-17,1.1437,1.1289,1.1442,1.1283
2015-09-16,1.1289,1.1266,1.1321,1.1212
2015-09-15,1.1266,1.1313,1.1328,1.1257
2015-09-14,1.1321,1.1335,1.1375,1.1282
2015-09-11,1.134,1.1278,1.1349,1.1253
2015-09-10,1.128,1.1205,1.1299,1.117
2015-09-09,1.1207,1.1199,1.1219,1.113
2015-09-08,1.12,1.1169,1.1228,1.1151
2015-09-07,1.1167,1.1157,1.1178,1.112
2015-09-04,1.1147,1.1123,1.1181,1.1088
2015-09-03,1.1123,1.1224,1.1245,1.1086
2015-09-02,1.1226,1.1311,1.132,1.1214
2015-09-01,1.1319,1.1209,1.1333,1.1204
2015-08-31,1.1215,1.1173,1.1264,1.1159
2015-08-28,1.1179,1.1246,1.1309,1.1155
2015-08-27,1.1245,1.1312,1.1366,1.1202
2015-08-26,1.1316,1.1515,1.1562,1.1289
2015-08-25,1.1517,1.1616,1.1625,1.1396
2015-08-24,1.162,1.1361,1.1713,1.1361
2015-08-21,1.1389,1.1242,1.1394,1.1226
2015-08-20,1.1241,1.1117,1.1245,1.1105
2015-08-19,1.1119,1.102,1.1137,1.1017
2015-08-18,1.1021,1.108,1.1096,1.1015
2015-08-17,1.1081,1.1105,1.1125,1.1057
2015-08-14,1.1106,1.1148,1.1188,1.1096
2015-08-13,1.1149,1.1156,1.1189,1.1079
2015-08-12,1.1157,1.1039,1.1213,1.1023
2015-08-11,1.104,1.1019,1.1088,1.0959
2015-08-10,1.1019,1.0966,1.1044,1.0924
2015-08-07,1.0969,1.0927,1.0981,1.0854
2015-08-06,1.0925,1.0907,1.0944,1.0874
2015-08-05,1.0906,1.0881,1.0938,1.0847
2015-08-04,1.0881,1.095,1.099,1.0876
2015-08-03,1.0951,1.0968,1.0997,1.094
2015-07-31,1.0988,1.0933,1.1114,1.092
2015-07-30,1.0933,1.0985,1.0992,1.0892
2015-07-29,1.0986,1.1059,1.1086,1.0965
2015-07-28,1.1059,1.1087,1.11,1.102
2015-07-27,1.1094,1.0971,1.1131,1.0967
2015-07-24,1.0984,1.0981,1.0997,1.0924
2015-07-23,1.0982,1.0927,1.1019,1.092
2015-07-22,1.0934,1.0935,1.0966,1.0869
2015-07-21,1.0937,1.0824,1.097,1.081
2015-07-20,1.0827,1.0831,1.0872,1.0808
2015-07-17,1.083,1.0873,1.0908,1.0826
2015-07-16,1.0876,1.0946,1.0963,1.0854
2015-07-15,1.0949,1.1009,1.1036,1.0928
2015-07-14,1.1012,1.1001,1.1083,1.0964
2015-07-13,1.1003,1.1105,1.1198,1.0994
2015-07-10,1.1164,1.1035,1.1218,1.1029
2015-07-09,1.1038,1.1075,1.1125,1.0989
2015-07-08,1.1077,1.101,1.1094,1.0972
2015-07-07,1.1013,1.1054,1.1061,1.0915
2015-07-06,1.1057,1.0991,1.1097,1.0967
2015-07-03,1.1114,1.1084,1.1119,1.1064
2015-07-02,1.1084,1.1052,1.1123,1.103
2015-07-01,1.1054,1.1138,1.1173,1.1041
2015-06-30,1.1138,1.1234,1.1245,1.1111
2015-06-29,1.1236,1.103,1.1279,1.0953
2015-06-26,1.1166,1.1205,1.1221,1.1129
2015-06-25,1.1204,1.1203,1.1227,1.1152
2015-06-24,1.1207,1.1169,1.1237,1.1154
2015-06-23,1.117,1.134,1.1348,1.1134
2015-06-22,1.1341,1.1362,1.1411,1.1311
2015-06-19,1.1353,1.1359,1.1393,1.1291
2015-06-18,1.136,1.1335,1.1438,1.1329
2015-06-17,1.1337,1.1247,1.136,1.1211
2015-06-16,1.1248,1.1281,1.1331,1.1204
2015-06-15,1.1283,1.1225,1.1295,1.1188
2015-06-12,1.1269,1.1256,1.1298,1.115
2015-06-11,1.1258,1.1324,1.1332,1.1182
2015-06-10,1.1326,1.1283,1.1386,1.1259
2015-06-09,1.1283,1.1291,1.1345,1.1213
2015-06-08,1.1292,1.1112,1.1306,1.108
2015-06-05,1.1113,1.1237,1.1281,1.1048
2015-06-04,1.1239,1.1274,1.1381,1.1225
2015-06-03,1.1275,1.1151,1.1284,1.1078
2015-06-02,1.1155,1.0925,1.1194,1.0913
2015-06-01,1.0928,1.0986,1.0991,1.0886
2015-05-29,1.0988,1.0947,1.1006,1.0925
2015-05-28,1.0949,1.0903,1.096,1.0867
2015-05-27,1.0905,1.0871,1.0931,1.0818
2015-05-26,1.0874,1.0977,1.0984,1.0862
2015-05-25,1.0978,1.1003,1.1012,1.0958
2015-05-22,1.1018,1.1112,1.1211,1.1001
2015-05-21,1.1113,1.1092,1.1181,1.1079
2015-05-20,1.1093,1.1148,1.1156,1.1061
2015-05-19,1.115,1.1314,1.1328,1.1117
2015-05-18,1.1316,1.144,1.145,1.1297
2015-05-15,1.1453,1.1408,1.1467,1.1323
2015-05-14,1.141,1.1357,1.1447,1.1339
2015-05-13,1.1358,1.1212,1.1384,1.1201
2015-05-12,1.1214,1.1154,1.1278,1.1133
2015-05-11,1.1155,1.1196,1.1207,1.113
2015-05-08,1.1204,1.1265,1.1289,1.1177
2015-05-07,1.1266,1.1346,1.1393,1.1236
2015-05-06,1.1354,1.1184,1.1373,1.1174
2015-05-05,1.1186,1.1145,1.1223,1.1065
2015-05-04,1.1146,1.12,1.1226,1.1121
2015-05-01,1.1201,1.1221,1.1291,1.1174
2015-04-30,1.1224,1.1128,1.1268,1.107
2015-04-29,1.1132,1.098,1.1189,1.0958
2015-04-28,1.0981,1.0892,1.0992,1.0858
2015-04-27,1.0889,1.087,1.0928,1.0818
2015-04-24,1.0874,1.0823,1.0901,1.0783
2015-04-23,1.0826,1.0724,1.0848,1.0665
2015-04-22,1.0727,1.0735,1.0801,1.0707
2015-04-21,1.0736,1.0737,1.0783,1.0658
2015-04-20,1.0737,1.082,1.0825,1.0711
2015-04-17,1.0807,1.076,1.085,1.0735
2015-04-16,1.0761,1.0683,1.0818,1.0623
2015-04-15,1.0687,1.0653,1.0702,1.057
2015-04-14,1.0654,1.0565,1.0709,1.0529
2015-04-13,1.0568,1.06,1.0619,1.0519
2015-04-10,1.0604,1.0658,1.0685,1.0567
2015-04-09,1.0659,1.078,1.0789,1.0636
2015-04-08,1.078,1.0814,1.0889,1.0763
2015-04-07,1.0816,1.0919,1.0957,1.0802
2015-04-06,1.0923,1.0988,1.1038,1.0909
2015-04-03,1.0978,1.0881,1.1028,1.0862
2015-04-02,1.0883,1.0762,1.0905,1.0749
2015-04-01,1.0764,1.0733,1.0801,1.0717
2015-03-31,1.0731,1.0832,1.0846,1.0712
2015-03-30,1.0834,1.0887,1.0897,1.0809
2015-03-27,1.0889,1.0884,1.095,1.08
2015-03-26,1.0884,1.0968,1.1052,1.0855
2015-03-25,1.0972,1.0923,1.1017,1.0899
2015-03-24,1.0926,1.0945,1.1032,1.0889
2015-03-23,1.0946,1.0836,1.0973,1.0766
2015-03-20,1.0822,1.0659,1.0883,1.0648
2015-03-19,1.066,1.0865,1.0915,1.0612
2015-03-18,1.0866,1.0596,1.1033,1.0579
2015-03-17,1.0597,1.0566,1.0651,1.055
2015-03-16,1.0569,1.0492,1.0621,1.0456
2015-03-13,1.0495,1.0635,1.0639,1.046
2015-03-12,1.0635,1.0546,1.0683,1.0494
2015-03-11,1.0547,1.0697,1.0718,1.0509
2015-03-10,1.0698,1.085,1.0856,1.0691
2015-03-09,1.0852,1.083,1.0908,1.0821
2015-03-06,1.0844,1.1031,1.1035,1.084
2015-03-05,1.1031,1.1077,1.1116,1.0986
2015-03-04,1.1079,1.1176,1.1187,1.106
2015-03-03,1.1176,1.1181,1.1219,1.1153
2015-03-02,1.1184,1.1186,1.1241,1.1158
2015-02-27,1.1196,1.1197,1.1247,1.1175
2015-02-26,1.1198,1.1359,1.1381,1.1182
2015-02-25,1.1361,1.1339,1.1388,1.1334
2015-02-24,1.1341,1.1334,1.136,1.1287
2015-02-23,1.1333,1.1382,1.1415,1.1294
2015-02-20,1.1381,1.1367,1.143,1.1278
2015-02-19,1.1366,1.1396,1.145,1.1354
2015-02-18,1.1398,1.141,1.1418,1.1332
2015-02-17,1.1412,1.1352,1.145,1.132
2015-02-16,1.1353,1.1384,1.1429,1.1317
2015-02-13,1.1385,1.1401,1.1443,1.1378
2015-02-12,1.1403,1.1333,1.1423,1.1301
2015-02-11,1.1334,1.1319,1.1349,1.1278
2015-02-10,1.1321,1.1325,1.1346,1.1272
2015-02-09,1.1324,1.1314,1.136,1.1269
2015-02-06,1.1316,1.1475,1.1488,1.131
2015-02-05,1.1477,1.1343,1.15,1.1302
2015-02-04,1.1346,1.148,1.1486,1.1315
2015-02-03,1.1481,1.1341,1.1534,1.1311
2015-02-02,1.1342,1.1282,1.1364,1.1278
2015-01-30,1.1288,1.1319,1.1365,1.1277
2015-01-29,1.132,1.1286,1.1369,1.126
2015-01-28,1.1288,1.138,1.1385,1.1274
2015-01-27,1.1381,1.1236,1.1422,1.1223
2015-01-26,1.1239,1.1184,1.1297,1.1098
2015-01-23,1.1208,1.1365,1.1374,1.1113
2015-01-22,1.1366,1.1609,1.1647,1.1316
2015-01-21,1.161,1.155,1.1677,1.154
2015-01-20,1.155,1.1604,1.1616,1.1539
2015-01-19,1.1605,1.1549,1.1641,1.1544
2015-01-16,1.1569,1.163,1.165,1.1459
2015-01-15,1.163,1.1787,1.1796,1.1567
2015-01-14,1.1789,1.1772,1.1845,1.1726
2015-01-13,1.1772,1.1832,1.186,1.1752
2015-01-12,1.1834,1.1837,1.1871,1.1785
2015-01-09,1.1842,1.1791,1.1848,1.1761
2015-01-08,1.1792,1.1839,1.1847,1.1753
2015-01-07,1.184,1.1889,1.1899,1.18
2015-01-06,1.1889,1.1932,1.1969,1.1883
2015-01-05,1.1933,1.2001,1.2008,1.188
2015-01-02,1.2003,1.2103,1.211,1.1999
2015-01-01,1.2104,1.2098,1.2107,1.2092
2014-12-31,1.2099,1.2154,1.2171,1.2095
2014-12-30,1.2158,1.215,1.2188,1.2122
2014-12-29,1.2152,1.2181,1.2221,1.2141
2014-12-26,1.2176,1.2222,1.2228,1.2167
2014-12-25,1.2223,1.2194,1.2255,1.2184
2014-12-24,1.2194,1.2171,1.2222,1.2168
2014-12-23,1.2172,1.2229,1.2247,1.2164
2014-12-22,1.223,1.2225,1.2273,1.2214
2014-12-19,1.2228,1.2285,1.2305,1.2219
2014-12-18,1.2286,1.2341,1.2353,1.2264
2014-12-17,1.2343,1.251,1.2517,1.232
2014-12-16,1.2511,1.2435,1.2571,1.2431
2014-12-15,1.2437,1.2461,1.2486,1.2413
2014-12-12,1.2462,1.2411,1.2487,1.2382
2014-12-11,1.2411,1.2446,1.2496,1.2368
2014-12-10,1.2448,1.2373,1.2449,1.236
2014-12-09,1.2375,1.2316,1.2448,1.2291
2014-12-08,1.2317,1.2277,1.2344,1.2245
2014-12-05,1.2286,1.2379,1.2393,1.2271
2014-12-04,1.2379,1.2311,1.2458,1.228
2014-12-03,1.2311,1.2381,1.2391,1.2299
2014-12-02,1.2383,1.2469,1.2478,1.2375
2014-12-01,1.247,1.2455,1.2507,1.2418
2014-11-28,1.2452,1.2466,1.2492,1.2425
2014-11-27,1.2467,1.2505,1.2524,1.2463
2014-11-26,1.2506,1.2474,1.2532,1.2442
2014-11-25,1.2474,1.2442,1.2487,1.24
2014-11-24,1.2443,1.2376,1.2445,1.2357
2014-11-21,1.239,1.2538,1.2571,1.2373
2014-11-20,1.2539,1.2553,1.2576,1.2503
2014-11-19,1.2554,1.2536,1.26,1.2511
2014-11-18,1.2537,1.2449,1.2546,1.2441
2014-11-17,1.245,1.2525,1.2578,1.2443
2014-11-14,1.2524,1.2475,1.2549,1.2397
2014-11-13,1.2476,1.2438,1.2492,1.2424
2014-11-12,1.2439,1.2475,1.2499,1.2417
2014-11-11,1.2475,1.242,1.25,1.2393
2014-11-10,1.2421,1.2451,1.251,1.2416
2014-11-07,1.2454,1.2373,1.2471,1.2357
2014-11-06,1.2375,1.2485,1.2535,1.2363
2014-11-05,1.2486,1.2545,1.2568,1.2456
2014-11-04,1.2546,1.2481,1.2578,1.248
2014-11-03,1.2483,1.2515,1.2517,1.2441
2014-10-31,1.2525,1.2612,1.2617,1.2484
2014-10-30,1.2613,1.263,1.264,1.2546
2014-10-29,1.2632,1.2733,1.2772,1.2629
2014-10-28,1.2734,1.2698,1.2765,1.2683
2014-10-27,1.2698,1.2681,1.2725,1.2664
2014-10-24,1.2671,1.2645,1.2695,1.2633
2014-10-23,1.2647,1.2648,1.2678,1.2612
2014-10-22,1.2649,1.2715,1.274,1.2635
2014-10-21,1.2715,1.28,1.284,1.2712
2014-10-20,1.2799,1.2757,1.2817,1.273
2014-10-17,1.2763,1.2809,1.2837,1.2742
2014-10-16,1.281,1.2835,1.2847,1.2704
2014-10-15,1.2837,1.2658,1.2886,1.2623
2014-10-14,1.2659,1.2751,1.2769,1.2639
2014-10-13,1.2753,1.2636,1.2762,1.2618
2014-10-10,1.2628,1.269,1.2716,1.2604
2014-10-09,1.2691,1.2732,1.2792,1.2663
2014-10-08,1.2734,1.2668,1.2749,1.2621
2014-10-07,1.267,1.2654,1.2683,1.2582
2014-10-06,1.2654,1.2507,1.2676,1.2502
2014-10-03,1.2517,1.2667,1.2676,1.2499
2014-10-02,1.2669,1.2621,1.2698,1.2612
2014-10-01,1.2624,1.263,1.264,1.2583
2014-09-30,1.2632,1.2683,1.2703,1.257
2014-09-29,1.2685,1.2684,1.2716,1.2663
2014-09-26,1.2685,1.275,1.2761,1.2675
2014-09-25,1.2751,1.2779,1.2785,1.2697
2014-09-24,1.278,1.2845,1.2864,1.2773
2014-09-23,1.2847,1.2849,1.2903,1.284
2014-09-22,1.285,1.2826,1.2868,1.2814
2014-09-19,1.2829,1.2922,1.293,1.2826
2014-09-18,1.2923,1.2864,1.2931,1.2833
2014-09-17,1.2866,1.2958,1.2981,1.285
2014-09-16,1.296,1.2937,1.2995,1.2921
2014-09-15,1.2941,1.2975,1.2981,1.2907
2014-09-12,1.2965,1.2924,1.298,1.2908
2014-09-11,1.2926,1.2916,1.2952,1.2895
2014-09-10,1.2917,1.2935,1.2963,1.2882
2014-09-09,1.2937,1.2896,1.2959,1.2858
2014-09-08,1.2897,1.2942,1.2963,1.2881
2014-09-05,1.2951,1.2943,1.2987,1.292
2014-09-04,1.2945,1.3146,1.3155,1.2918
2014-09-03,1.3151,1.313,1.3161,1.3121
2014-09-02,1.3133,1.3128,1.3139,1.3108
2014-09-01,1.3128,1.3137,1.3146,1.3117
2014-08-29,1.3133,1.3178,1.3196,1.313
2014-08-28,1.3183,1.3192,1.3221,1.3158
2014-08-27,1.3193,1.3167,1.3211,1.3151
2014-08-26,1.3169,1.3191,1.3216,1.3163
2014-08-25,1.3193,1.3218,1.3219,1.3182
2014-08-22,1.3243,1.3281,1.3298,1.3219
2014-08-21,1.3282,1.3259,1.3289,1.3241
2014-08-20,1.326,1.3318,1.3326,1.3253
2014-08-19,1.332,1.3362,1.3366,1.3311
2014-08-18,1.3363,1.3392,1.34,1.3351
2014-08-15,1.3399,1.3365,1.3412,1.3357
2014-08-14,1.3364,1.3362,1.341,1.3346
2014-08-13,1.3364,1.3369,1.3416,1.3341
2014-08-12,1.337,1.3385,1.3386,1.3335
2014-08-11,1.3385,1.34,1.3415,1.3378
2014-08-08,1.3411,1.3362,1.3433,1.3342
2014-08-07,1.3363,1.3382,1.3395,1.3336
2014-08-06,1.3382,1.3375,1.3389,1.3331
2014-08-05,1.3376,1.3421,1.3425,1.3357
2014-08-04,1.3422,1.3426,1.3434,1.3407
2014-08-01,1.3431,1.339,1.3445,1.3377
2014-07-31,1.3389,1.3395,1.3401,1.337
2014-07-30,1.3397,1.3408,1.3416,1.3365
2014-07-29,1.341,1.3439,1.3445,1.3402
2014-07-28,1.344,1.343,1.3445,1.3425
2014-07-25,1.3432,1.3463,1.3478,1.342
2014-07-24,1.3464,1.3462,1.3485,1.3436
2014-07-23,1.3465,1.3464,1.3475,1.3453
2014-07-22,1.3465,1.3523,1.3531,1.3458
2014-07-21,1.3523,1.3526,1.355,1.3511
2014-07-18,1.3524,1.3525,1.3536,1.349
2014-07-17,1.3527,1.3524,1.3541,1.3515
2014-07-16,1.3525,1.3567,1.3575,1.3519
2014-07-15,1.3572,1.3619,1.3628,1.356
2014-07-14,1.362,1.3601,1.364,1.3596
2014-07-11,1.3609,1.3608,1.3625,1.359
2014-07-10,1.361,1.3643,1.3651,1.3588
2014-07-09,1.3645,1.3612,1.3648,1.36
2014-07-08,1.3613,1.3604,1.3619,1.3587
2014-07-07,1.3605,1.3595,1.3612,1.3574
2014-07-04,1.3596,1.361,1.3614,1.3584
2014-07-03,1.3611,1.3658,1.3665,1.3595
2014-07-02,1.366,1.3677,1.3683,1.364
2014-07-01,1.3679,1.3691,1.37,1.3674
2014-06-30,1.3692,1.3645,1.3698,1.3638
2014-06-27,1.3649,1.3609,1.3652,1.3607
2014-06-26,1.3612,1.3628,1.3641,1.3574
2014-06-25,1.363,1.3606,1.3652,1.3598
2014-06-24,1.3605,1.3603,1.3628,1.3582
2014-06-23,1.3605,1.3593,1.3616,1.3572
2014-06-20,1.3599,1.3607,1.3634,1.3563
2014-06-19,1.3608,1.3595,1.3643,1.3582
2014-06-18,1.3596,1.3546,1.3599,1.354
2014-06-17,1.3546,1.3573,1.3588,1.3535
2014-06-16,1.3575,1.3534,1.358,1.3512
2014-06-13,1.3542,1.3551,1.3579,1.3519
2014-06-12,1.3553,1.3531,1.3574,1.351
2014-06-11,1.3533,1.3547,1.3558,1.352
2014-06-10,1.3549,1.3593,1.3603,1.3532
2014-06-09,1.3594,1.3643,1.367,1.3581
2014-06-06,1.3642,1.366,1.3679,1.3619
2014-06-05,1.366,1.3597,1.3671,1.3502
2014-06-04,1.3599,1.3627,1.3639,1.3594
2014-06-03,1.3627,1.3596,1.3647,1.3585
2014-06-02,1.3597,1.3633,1.3645,1.3586
2014-05-30,1.3631,1.36,1.365,1.3597
2014-05-29,1.3602,1.3588,1.3626,1.3584
2014-05-28,1.3591,1.3633,1.3639,1.3586
2014-05-27,1.3635,1.3644,1.3671,1.3611
2014-05-26,1.3646,1.3625,1.3655,1.3614
2014-05-23,1.3634,1.3655,1.366,1.3614
2014-05-22,1.3656,1.3685,1.3689,1.3643
2014-05-21,1.3687,1.3702,1.3724,1.3634
2014-05-20,1.3703,1.3707,1.3714,1.3677
2014-05-19,1.3709,1.3701,1.3736,1.3686
2014-05-16,1.3695,1.3709,1.3729,1.3684
2014-05-15,1.3711,1.3714,1.3733,1.3647
2014-05-14,1.3715,1.3703,1.3732,1.3696
2014-05-13,1.3704,1.3755,1.3774,1.3688
2014-05-12,1.3757,1.3749,1.3775,1.3747
2014-05-09,1.376,1.3838,1.3846,1.3743
2014-05-08,1.3841,1.391,1.3993,1.3831
2014-05-07,1.3912,1.3926,1.394,1.3908
2014-05-06,1.3928,1.3874,1.3952,1.3868
2014-05-05,1.3876,1.387,1.3892,1.3863
2014-05-02,1.387,1.3868,1.3881,1.381
2014-05-01,1.3869,1.3865,1.3889,1.386
2014-04-30,1.3867,1.3811,1.3878,1.3775
2014-04-29,1.3812,1.3848,1.3879,1.3804
2014-04-28,1.385,1.3833,1.388,1.3813
2014-04-25,1.3833,1.383,1.385,1.3824
2014-04-24,1.3833,1.3816,1.3843,1.379
2014-04-23,1.3817,1.3804,1.3855,1.3799
2014-04-22,1.3805,1.3792,1.3826,1.3783
2014-04-21,1.3793,1.3808,1.3832,1.3785
2014-04-18,1.3815,1.3812,1.3825,1.3806
2014-04-17,1.3815,1.3815,1.3866,1.3809
2014-04-16,1.3816,1.3812,1.3852,1.3802
2014-04-15,1.3814,1.3819,1.3835,1.3788
2014-04-14,1.3821,1.3836,1.3865,1.3807
2014-04-11,1.3885,1.3886,1.3907,1.3862
2014-04-10,1.3888,1.3854,1.3899,1.3834
2014-04-09,1.3856,1.3794,1.3862,1.3778
2014-04-08,1.3796,1.3739,1.3813,1.3735
2014-04-07,1.3741,1.3695,1.3749,1.3688
2014-04-04,1.3703,1.3718,1.3732,1.3671
2014-04-03,1.372,1.3766,1.3807,1.3697
2014-04-02,1.3767,1.3791,1.3821,1.3751
2014-04-01,1.3794,1.3767,1.3817,1.3766
2014-03-31,1.3771,1.3754,1.3807,1.3733
2014-03-28,1.3753,1.3739,1.3773,1.3704
2014-03-27,1.374,1.378,1.3798,1.3727
2014-03-26,1.3783,1.3825,1.3829,1.3775
2014-03-25,1.3827,1.3837,1.3848,1.3748
2014-03-24,1.3839,1.3791,1.3876,1.3759
2014-03-21,1.3794,1.3777,1.3814,1.3764
2014-03-20,1.3779,1.3831,1.3845,1.3748
2014-03-19,1.3833,1.3932,1.3935,1.3808
2014-03-18,1.3934,1.392,1.3942,1.3879
2014-03-17,1.3922,1.3909,1.3949,1.3877
2014-03-14,1.3915,1.3866,1.3937,1.3846
2014-03-13,1.3869,1.3902,1.3968,1.3843
2014-03-12,1.3903,1.3859,1.3915,1.3841
2014-03-11,1.386,1.3874,1.388,1.3832
2014-03-10,1.3877,1.3874,1.3898,1.386
2014-03-07,1.3878,1.3858,1.3917,1.3852
2014-03-06,1.3861,1.3731,1.3874,1.372
2014-03-05,1.3733,1.3742,1.3746,1.3706
2014-03-04,1.3743,1.3733,1.3782,1.3719
2014-03-03,1.3735,1.3785,1.3793,1.3724
2014-02-28,1.3802,1.3707,1.3824,1.3692
2014-02-27,1.3709,1.3686,1.3727,1.3641
2014-02-26,1.3688,1.3743,1.3758,1.366
2014-02-25,1.3745,1.3734,1.3766,1.3714
2014-02-24,1.3735,1.3734,1.377,1.3707
2014-02-21,1.374,1.3717,1.376,1.3701
2014-02-20,1.3719,1.3732,1.3762,1.3685
2014-02-19,1.3733,1.3756,1.3774,1.3723
2014-02-18,1.3758,1.3705,1.377,1.3693
2014-02-17,1.3708,1.3686,1.3725,1.3685
2014-02-14,1.3693,1.3679,1.3718,1.3672
2014-02-13,1.3681,1.3592,1.3694,1.3584
2014-02-12,1.3595,1.3637,1.3655,1.3561
2014-02-11,1.3639,1.3645,1.3685,1.3628
2014-02-10,1.3646,1.3631,1.3654,1.3607
2014-02-07,1.3635,1.3588,1.3642,1.3551
2014-02-06,1.359,1.3531,1.3621,1.3483
2014-02-05,1.3533,1.3518,1.3555,1.3497
2014-02-04,1.3519,1.3523,1.3539,1.3492
2014-02-03,1.3525,1.3492,1.3536,1.3475
2014-01-31,1.3487,1.3555,1.357,1.3478
2014-01-30,1.3556,1.3661,1.3666,1.3542
2014-01-29,1.3663,1.3667,1.3685,1.3602
2014-01-28,1.3669,1.3672,1.3689,1.3628
2014-01-27,1.3672,1.3675,1.3718,1.3652
2014-01-24,1.3678,1.3694,1.3741,1.3662
2014-01-23,1.3695,1.3546,1.3699,1.3529
2014-01-22,1.3547,1.3558,1.3583,1.3533
2014-01-21,1.3561,1.355,1.3572,1.3515
2014-01-20,1.3552,1.3541,1.357,1.3506
2014-01-17,1.3541,1.3618,1.3623,1.3515
2014-01-16,1.362,1.3603,1.365,1.3581
2014-01-15,1.3605,1.3678,1.3684,1.358
2014-01-14,1.3679,1.3669,1.3699,1.3647
2014-01-13,1.3672,1.3668,1.3685,1.3636
2014-01-10,1.367,1.3607,1.3689,1.3574
2014-01-09,1.3608,1.3574,1.3636,1.3547
2014-01-08,1.3576,1.3615,1.3637,1.3552
2014-01-07,1.3616,1.3626,1.3657,1.3595
2014-01-06,1.3628,1.3588,1.3653,1.357
2014-01-03,1.3588,1.367,1.3674,1.3581
2014-01-02,1.3672,1.3754,1.3777,1.3628
2014-01-01,1.3754,1.374,1.3769,1.374
2013-12-31,1.3746,1.3802,1.3813,1.3741
2013-12-30,1.3804,1.3742,1.3821,1.3727
2013-12-27,1.3742,1.3691,1.3893,1.3685
2013-12-26,1.3692,1.3679,1.3701,1.3661
2013-12-25,1.368,1.3682,1.371,1.3659
2013-12-24,1.3684,1.3695,1.3704,1.3653
2013-12-23,1.3696,1.3669,1.3716,1.3665
2013-12-20,1.3672,1.3662,1.3709,1.3623
2013-12-19,1.3663,1.3684,1.3694,1.3648
2013-12-18,1.3685,1.3768,1.3811,1.3673
2013-12-17,1.3768,1.376,1.3782,1.3722
2013-12-16,1.3761,1.3739,1.3798,1.3723
2013-12-13,1.3743,1.3753,1.3769,1.3708
2013-12-12,1.3755,1.3786,1.3803,1.3735
2013-12-11,1.3785,1.3759,1.381,1.3739
2013-12-10,1.3761,1.3736,1.3795,1.3731
2013-12-09,1.3739,1.3719,1.3745,1.3692
2013-12-06,1.3705,1.3666,1.3706,1.3627
2013-12-05,1.3667,1.3593,1.3677,1.3542
2013-12-04,1.3594,1.3588,1.3604,1.3527
2013-12-03,1.359,1.354,1.3613,1.3522
2013-12-02,1.3541,1.3588,1.3616,1.3524
2013-11-29,1.3591,1.3604,1.3621,1.3578
2013-11-28,1.3605,1.3579,1.3617,1.3562
2013-11-27,1.3579,1.357,1.3612,1.3556
2013-11-26,1.3572,1.3516,1.3574,1.3513
2013-11-25,1.3517,1.3548,1.3559,1.3489
2013-11-22,1.3558,1.3481,1.3558,1.3461
2013-11-21,1.3482,1.3439,1.3486,1.3398
2013-11-20,1.3439,1.3538,1.3577,1.3415
2013-11-19,1.3539,1.3503,1.3547,1.3486
2013-11-18,1.3505,1.35,1.3541,1.3473
2013-11-15,1.3496,1.3458,1.3505,1.3431
2013-11-14,1.3459,1.3486,1.3497,1.3417
2013-11-13,1.3486,1.3434,1.3495,1.3389
2013-11-12,1.3436,1.3406,1.3456,1.3358
2013-11-11,1.3406,1.3361,1.3416,1.3343
2013-11-08,1.3372,1.3419,1.3438,1.3316
2013-11-07,1.3419,1.3512,1.3528,1.3295
2013-11-06,1.3513,1.3473,1.3547,1.3466
2013-11-05,1.3475,1.3513,1.3522,1.3448
2013-11-04,1.3516,1.3487,1.3524,1.3441
2013-11-01,1.3487,1.3582,1.3589,1.3478
2013-10-31,1.3584,1.3734,1.3738,1.3574
2013-10-30,1.3736,1.3744,1.3784,1.3695
2013-10-29,1.3745,1.3783,1.3813,1.3735
2013-10-28,1.3784,1.3802,1.3817,1.3774
2013-10-25,1.3805,1.38,1.3832,1.3773
2013-10-24,1.38,1.3775,1.3825,1.3763
2013-10-23,1.3777,1.3781,1.3792,1.3739
2013-10-22,1.3781,1.3681,1.3792,1.366
2013-10-21,1.3682,1.3686,1.369,1.3649
2013-10-18,1.3684,1.3674,1.3703,1.3658
2013-10-17,1.3676,1.3534,1.3681,1.3514
2013-10-16,1.3535,1.3522,1.3567,1.3472
2013-10-15,1.3523,1.356,1.3571,1.3478
2013-10-14,1.3561,1.3543,1.3597,1.3542
2013-10-11,1.3542,1.3518,1.3581,1.3516
2013-10-10,1.352,1.3523,1.3545,1.3487
2013-10-09,1.3524,1.3572,1.3604,1.3485
2013-10-08,1.3573,1.3581,1.3607,1.3556
2013-10-07,1.3582,1.3555,1.3591,1.3541
2013-10-04,1.3558,1.3617,1.3631,1.3537
2013-10-03,1.3618,1.3576,1.3645,1.3575
2013-10-02,1.3579,1.3524,1.3606,1.3506
2013-10-01,1.3526,1.3526,1.3588,1.3515
2013-09-30,1.3526,1.3478,1.3555,1.3466
2013-09-27,1.3522,1.3486,1.3564,1.3472
2013-09-26,1.3489,1.3525,1.3528,1.347
2013-09-25,1.3526,1.3472,1.3537,1.346
2013-09-24,1.3474,1.3492,1.3518,1.3463
2013-09-23,1.3493,1.3545,1.3555,1.3478
2013-09-20,1.3524,1.3529,1.3548,1.3496
2013-09-19,1.353,1.352,1.3568,1.3499
2013-09-18,1.3522,1.3358,1.3541,1.3337
2013-09-17,1.3359,1.3332,1.3369,1.3324
2013-09-16,1.3334,1.3305,1.3385,1.3295
2013-09-13,1.3294,1.3297,1.3321,1.3253
2013-09-12,1.3299,1.3308,1.3324,1.3259
2013-09-11,1.3312,1.3268,1.3324,1.3242
2013-09-10,1.3269,1.3253,1.3275,1.3229
2013-09-09,1.3255,1.3168,1.328,1.3158
2013-09-06,1.318,1.3118,1.3188,1.3103
2013-09-05,1.312,1.3206,1.3222,1.3109
2013-09-04,1.3209,1.3169,1.3218,1.3155
2013-09-03,1.317,1.319,1.3197,1.3137
2013-09-02,1.3192,1.3232,1.3236,1.3182
2013-08-30,1.3222,1.324,1.3254,1.3172
2013-08-29,1.3241,1.3338,1.3343,1.3218
2013-08-28,1.334,1.3391,1.3397,1.3304
2013-08-27,1.3393,1.3367,1.3399,1.3323
2013-08-26,1.3369,1.3381,1.3394,1.3355
2013-08-23,1.3382,1.3355,1.3409,1.3332
2013-08-22,1.3356,1.3353,1.3373,1.3297
2013-08-21,1.3357,1.3415,1.3427,1.3334
2013-08-20,1.3417,1.3335,1.3452,1.3322
2013-08-19,1.3335,1.3326,1.3374,1.3314
2013-08-16,1.333,1.3346,1.3379,1.331
2013-08-15,1.3348,1.3254,1.3363,1.3205
2013-08-14,1.3256,1.3261,1.3278,1.3238
2013-08-13,1.3262,1.3298,1.3316,1.3232
2013-08-12,1.33,1.3338,1.3343,1.3276
2013-08-09,1.3343,1.3379,1.339,1.3332
2013-08-08,1.3381,1.3336,1.34,1.3326
2013-08-07,1.3337,1.3305,1.3345,1.3264
2013-08-06,1.3307,1.3257,1.3323,1.3244
2013-08-05,1.3258,1.3273,1.33,1.3231
2013-08-02,1.3282,1.3205,1.3294,1.3188
2013-08-01,1.3207,1.33,1.331,1.3196
2013-07-31,1.3302,1.3262,1.3344,1.3213
2013-07-30,1.3263,1.3261,1.3301,1.3233
2013-07-29,1.3262,1.3273,1.3295,1.3238
2013-07-26,1.3279,1.3276,1.3296,1.3251
2013-07-25,1.3277,1.3198,1.3295,1.3164
2013-07-24,1.32,1.3222,1.3256,1.3176
2013-07-23,1.3223,1.3184,1.3238,1.3162
2013-07-22,1.3186,1.3139,1.3218,1.3128
2013-07-19,1.3142,1.3109,1.3153,1.3087
2013-07-18,1.311,1.3124,1.3127,1.3065
2013-07-17,1.3125,1.316,1.3176,1.3083
2013-07-16,1.3162,1.3061,1.3174,1.3051
2013-07-15,1.3062,1.3065,1.3084,1.2993
2013-07-12,1.3068,1.3095,1.3101,1.2998
2013-07-11,1.3096,1.2977,1.3201,1.2962
2013-07-10,1.2976,1.2779,1.2983,1.2763
2013-07-09,1.2781,1.2869,1.2898,1.2754
2013-07-08,1.287,1.2824,1.2882,1.2808
2013-07-05,1.2832,1.2912,1.2916,1.2805
2013-07-04,1.2913,1.3008,1.3023,1.2882
2013-07-03,1.3009,1.2976,1.303,1.2921
2013-07-02,1.2979,1.3063,1.3078,1.2962
2013-07-01,1.3064,1.3005,1.3066,1.3
2013-06-28,1.301,1.3035,1.3103,1.299
2013-06-27,1.3037,1.301,1.3056,1.2999
2013-06-26,1.3012,1.308,1.3087,1.2983
2013-06-25,1.3085,1.3117,1.315,1.3063
2013-06-24,1.3118,1.3115,1.3144,1.3058
2013-06-21,1.3123,1.3218,1.3253,1.3098
2013-06-20,1.322,1.3294,1.3301,1.3161
2013-06-19,1.3295,1.3392,1.3414,1.326
2013-06-18,1.3394,1.3367,1.3415,1.3324
2013-06-17,1.3369,1.334,1.3381,1.3316
2013-06-14,1.3347,1.3374,1.3375,1.3293
2013-06-13,1.3375,1.3335,1.339,1.3277
2013-06-12,1.3337,1.3312,1.3359,1.3264
2013-06-11,1.3315,1.3256,1.3317,1.3231
2013-06-10,1.3257,1.3206,1.3269,1.3176
2013-06-07,1.3223,1.3245,1.3284,1.319
2013-06-06,1.3247,1.3093,1.3304,1.3074
2013-06-05,1.3094,1.308,1.3114,1.3052
2013-06-04,1.308,1.3075,1.3101,1.3041
2013-06-03,1.3076,1.2982,1.3107,1.2954
2013-05-31,1.2999,1.3049,1.3059,1.2943
2013-05-30,1.305,1.2938,1.3061,1.2932
2013-05-29,1.2941,1.2854,1.2977,1.2837
2013-05-28,1.2856,1.2927,1.2949,1.2847
2013-05-27,1.2932,1.2925,1.2948,1.2914
2013-05-24,1.2932,1.2935,1.2995,1.2903
2013-05-23,1.2936,1.2856,1.2955,1.282
2013-05-22,1.2858,1.2904,1.2998,1.2831
2013-05-21,1.2907,1.2881,1.2933,1.284
2013-05-20,1.2884,1.2809,1.2901,1.2802
2013-05-17,1.2839,1.288,1.2889,1.2795
2013-05-16,1.2882,1.2885,1.2929,1.2845
2013-05-15,1.2887,1.2918,1.2942,1.2842
2013-05-14,1.292,1.2974,1.3028,1.2914
2013-05-13,1.2976,1.2956,1.2998,1.2941
2013-05-10,1.2993,1.3041,1.305,1.2935
2013-05-09,1.3043,1.3151,1.3177,1.3009
2013-05-08,1.3153,1.3077,1.3194,1.3071
2013-05-07,1.3078,1.3074,1.3131,1.3066
2013-05-06,1.3076,1.3113,1.3141,1.3052
2013-05-03,1.3115,1.3063,1.3158,1.3033
2013-05-02,1.3064,1.3179,1.3215,1.3036
2013-05-01,1.3179,1.3166,1.3242,1.3158
2013-04-30,1.3167,1.3097,1.3185,1.3055
2013-04-29,1.3099,1.3029,1.3115,1.3026
2013-04-26,1.3029,1.3011,1.3047,1.299
2013-04-25,1.3013,1.3012,1.3093,1.2988
2013-04-24,1.3016,1.2997,1.3034,1.2954
2013-04-23,1.2999,1.3064,1.3083,1.2971
2013-04-22,1.3067,1.3078,1.3093,1.3014
2013-04-19,1.3052,1.3049,1.3128,1.3045
2013-04-18,1.3052,1.3029,1.3096,1.302
2013-04-17,1.3031,1.3175,1.3201,1.3
2013-04-16,1.3177,1.3032,1.3201,1.3027
2013-04-15,1.3036,1.3131,1.3133,1.302
2013-04-12,1.3112,1.3097,1.3126,1.3036
2013-04-11,1.3103,1.3068,1.3138,1.3043
2013-04-10,1.307,1.308,1.3121,1.305
2013-04-09,1.3082,1.3007,1.3103,1.3003
2013-04-08,1.3009,1.2973,1.3037,1.2961
2013-04-05,1.2991,1.2934,1.3039,1.2899
2013-04-04,1.2935,1.2849,1.2949,1.2745
2013-04-03,1.2851,1.2819,1.2864,1.2789
2013-04-02,1.2819,1.2845,1.2877,1.2808
2013-04-01,1.2849,1.2813,1.2867,1.277
2013-03-29,1.282,1.2814,1.2837,1.2791
2013-03-28,1.2815,1.2778,1.2844,1.2754
2013-03-27,1.278,1.2861,1.2867,1.275
2013-03-26,1.2861,1.2851,1.2889,1.2827
2013-03-25,1.2852,1.2971,1.3048,1.2829
2013-03-22,1.2988,1.2896,1.3008,1.2887
2013-03-21,1.2898,1.2931,1.2955,1.2879
2013-03-20,1.2933,1.288,1.2978,1.2854
2013-03-19,1.2882,1.2955,1.2969,1.2843
2013-03-18,1.2956,1.2957,1.2995,1.288
2013-03-15,1.3076,1.3003,1.3107,1.2997
2013-03-14,1.3005,1.296,1.3032,1.291
2013-03-13,1.2961,1.3033,1.3064,1.2922
2013-03-12,1.3034,1.3042,1.3074,1.299
2013-03-11,1.3045,1.2997,1.3053,1.2978
2013-03-08,1.3006,1.3105,1.3134,1.2955
2013-03-07,1.3107,1.2965,1.3118,1.2964
2013-03-06,1.2967,1.3051,1.307,1.2961
2013-03-05,1.3052,1.3025,1.3075,1.3008
2013-03-04,1.3027,1.3016,1.3031,1.298
2013-03-01,1.3021,1.3054,1.3101,1.2965
2013-02-28,1.3056,1.3138,1.3162,1.3051
2013-02-27,1.3139,1.3059,1.3147,1.304
2013-02-26,1.3061,1.3061,1.3121,1.3017
2013-02-25,1.3062,1.3175,1.3318,1.3047
2013-02-22,1.3191,1.3188,1.3244,1.3144
2013-02-21,1.3189,1.3282,1.329,1.316
2013-02-20,1.3281,1.3386,1.3433,1.3269
2013-02-19,1.3388,1.335,1.3396,1.3328
2013-02-18,1.3352,1.3357,1.3377,1.3321
2013-02-15,1.3363,1.3362,1.3393,1.3305
2013-02-14,1.3361,1.345,1.3455,1.3313
2013-02-13,1.3454,1.3452,1.352,1.3425
2013-02-12,1.3454,1.3405,1.3475,1.3364
2013-02-11,1.3406,1.3358,1.3427,1.3324
2013-02-08,1.3365,1.3396,1.3429,1.3352
2013-02-07,1.3397,1.352,1.3577,1.3369
2013-02-06,1.3522,1.3581,1.3596,1.3493
2013-02-05,1.3583,1.3512,1.3597,1.3457
2013-02-04,1.3514,1.3641,1.3658,1.3503
2013-02-01,1.364,1.3576,1.3711,1.3571
2013-01-31,1.3579,1.3566,1.3593,1.3539
2013-01-30,1.3568,1.349,1.3587,1.348
2013-01-29,1.3493,1.3454,1.3497,1.3413
2013-01-28,1.3456,1.3463,1.3477,1.3423
2013-01-25,1.3461,1.3375,1.3479,1.3349
2013-01-24,1.3376,1.3317,1.3392,1.3285
2013-01-23,1.3318,1.3319,1.3354,1.3263
2013-01-22,1.3321,1.3311,1.3371,1.3266
2013-01-21,1.3314,1.3319,1.3332,1.3298
2013-01-18,1.3319,1.3374,1.3401,1.3279
2013-01-17,1.3377,1.3288,1.3387,1.3268
2013-01-16,1.329,1.3303,1.3324,1.3256
2013-01-15,1.3304,1.338,1.3393,1.3266
2013-01-14,1.3383,1.3339,1.3403,1.3333
2013-01-11,1.3344,1.3271,1.3365,1.3247
2013-01-10,1.3271,1.3063,1.3271,1.3037
2013-01-09,1.3064,1.308,1.3095,1.3035
2013-01-08,1.3082,1.3114,1.3139,1.3055
2013-01-07,1.3116,1.307,1.3119,1.3016
2013-01-04,1.3069,1.3046,1.3089,1.2997
2013-01-03,1.3048,1.3185,1.319,1.3044
2013-01-02,1.3187,1.3203,1.3299,1.3155
2013-01-01,1.3204,1.3194,1.322,1.3179
2012-12-31,1.3196,1.3211,1.3234,1.317
2012-12-28,1.3216,1.3234,1.3256,1.3164
2012-12-27,1.3236,1.3224,1.3284,1.32
2012-12-26,1.3224,1.3182,1.3254,1.3169
2012-12-25,1.3183,1.3183,1.3207,1.3169
2012-12-24,1.3187,1.3187,1.3233,1.3166
2012-12-21,1.3188,1.3242,1.3252,1.3156
2012-12-20,1.3244,1.3226,1.3295,1.3187
2012-12-19,1.3228,1.3228,1.3308,1.3221
2012-12-18,1.323,1.3163,1.3238,1.3154
2012-12-17,1.3164,1.3188,1.3191,1.3142
2012-12-14,1.3163,1.3077,1.3173,1.3065
2012-12-13,1.3078,1.3072,1.31,1.3039
2012-12-12,1.3074,1.3005,1.3096,1.2993
2012-12-11,1.3006,1.294,1.3014,1.2927
2012-12-10,1.2941,1.29,1.2946,1.2878
2012-12-07,1.2927,1.2966,1.2972,1.2878
2012-12-06,1.2968,1.3067,1.3087,1.2948
2012-12-05,1.3068,1.3093,1.3126,1.3059
2012-12-04,1.3094,1.3052,1.3108,1.3044
2012-12-03,1.3054,1.2983,1.3076,1.2971
2012-11-30,1.2986,1.2977,1.3027,1.2967
2012-11-29,1.2978,1.295,1.3013,1.2937
2012-11-28,1.2953,1.2942,1.2954,1.2878
2012-11-27,1.2945,1.2969,1.3009,1.2914
2012-11-26,1.2973,1.2971,1.2984,1.2942
2012-11-23,1.2976,1.2881,1.2991,1.2866
2012-11-22,1.2884,1.2827,1.29,1.2824
2012-11-21,1.2829,1.2816,1.2832,1.2733
2012-11-20,1.2817,1.2812,1.2828,1.2763
2012-11-19,1.2813,1.2736,1.2819,1.2728
2012-11-16,1.2744,1.2779,1.2786,1.2688
2012-11-15,1.278,1.2733,1.2801,1.2715
2012-11-14,1.2735,1.2704,1.2777,1.2698
2012-11-13,1.2704,1.2707,1.2726,1.266
2012-11-12,1.271,1.271,1.2739,1.2695
2012-11-09,1.2709,1.2746,1.2789,1.2688
2012-11-08,1.2747,1.2769,1.278,1.2716
2012-11-07,1.2771,1.2812,1.2876,1.2734
2012-11-06,1.2814,1.2794,1.2826,1.2761
2012-11-05,1.2796,1.2811,1.2842,1.2765
2012-11-02,1.2837,1.2941,1.295,1.2819
2012-11-01,1.2942,1.2959,1.2982,1.2922
2012-10-31,1.296,1.2959,1.3021,1.2944
2012-10-30,1.2958,1.2902,1.2983,1.2884
2012-10-29,1.2904,1.2946,1.2965,1.2883
2012-10-26,1.2941,1.2932,1.2956,1.2881
2012-10-25,1.2934,1.2972,1.3023,1.2925
2012-10-24,1.2974,1.2983,1.2996,1.2918
2012-10-23,1.2987,1.3059,1.3075,1.295
2012-10-22,1.306,1.3012,1.3083,1.301
2012-10-19,1.3022,1.3064,1.3077,1.3011
2012-10-18,1.3067,1.3117,1.3128,1.3054
2012-10-17,1.3119,1.3052,1.3139,1.3051
2012-10-16,1.3054,1.2948,1.306,1.2941
2012-10-15,1.295,1.2955,1.2979,1.2889
2012-10-12,1.2951,1.2926,1.2991,1.292
2012-10-11,1.2928,1.2874,1.2952,1.2824
2012-10-10,1.2875,1.2884,1.2913,1.2833
2012-10-09,1.2885,1.2969,1.299,1.2857
2012-10-08,1.297,1.3029,1.3035,1.2935
2012-10-05,1.3034,1.3017,1.3071,1.2992
2012-10-04,1.3018,1.2904,1.3031,1.29
2012-10-03,1.2906,1.2918,1.2936,1.2876
2012-10-02,1.292,1.2886,1.2967,1.2878
2012-10-01,1.2889,1.2858,1.2939,1.2802
2012-09-28,1.2858,1.2912,1.2959,1.2836
2012-09-27,1.2914,1.287,1.2928,1.2827
2012-09-26,1.2872,1.2898,1.2912,1.2834
2012-09-25,1.29,1.293,1.297,1.2885
2012-09-24,1.2931,1.298,1.2989,1.2889
2012-09-21,1.2979,1.2968,1.3047,1.2953
2012-09-20,1.2969,1.3048,1.3059,1.2919
2012-09-19,1.3048,1.3045,1.3085,1.2991
2012-09-18,1.3048,1.3116,1.312,1.3026
2012-09-17,1.3117,1.3126,1.3169,1.3082
2012-09-14,1.3127,1.2987,1.3168,1.2978
2012-09-13,1.2989,1.2899,1.3001,1.2856
2012-09-12,1.29,1.2854,1.2936,1.2815
2012-09-11,1.2855,1.2756,1.2871,1.2753
2012-09-10,1.2758,1.2806,1.2812,1.2754
2012-09-07,1.2816,1.263,1.2817,1.2625
2012-09-06,1.2631,1.26,1.265,1.2559
2012-09-05,1.2602,1.2564,1.2624,1.25
2012-09-04,1.2567,1.2591,1.2627,1.2554
2012-09-03,1.2594,1.2566,1.261,1.2555
2012-08-31,1.2577,1.2504,1.2636,1.2491
2012-08-30,1.2506,1.2529,1.2563,1.2486
2012-08-29,1.253,1.2565,1.2573,1.2517
2012-08-28,1.2565,1.2497,1.2576,1.2463
2012-08-27,1.25,1.251,1.2535,1.2488
2012-08-24,1.2512,1.2562,1.2568,1.2481
2012-08-23,1.2564,1.2526,1.2589,1.2522
2012-08-22,1.2528,1.2471,1.2538,1.2429
2012-08-21,1.2472,1.2345,1.2488,1.234
2012-08-20,1.2345,1.2342,1.2368,1.2293
2012-08-17,1.2334,1.2354,1.2381,1.2287
2012-08-16,1.2355,1.229,1.2372,1.2254
2012-08-15,1.2289,1.2321,1.2343,1.2262
2012-08-14,1.2322,1.2331,1.2385,1.2315
2012-08-13,1.2332,1.2279,1.2373,1.2259
2012-08-10,1.2289,1.2305,1.2316,1.2239
2012-08-09,1.2306,1.2366,1.2387,1.2265
2012-08-08,1.2366,1.24,1.2402,1.2325
2012-08-07,1.2401,1.24,1.2441,1.2374
2012-08-06,1.2401,1.2378,1.2443,1.234
2012-08-03,1.2387,1.2178,1.2392,1.2164
2012-08-02,1.2181,1.2224,1.2404,1.2132
2012-08-01,1.2226,1.2303,1.2336,1.2216
2012-07-31,1.2304,1.2261,1.2329,1.2247
2012-07-30,1.2261,1.234,1.234,1.2223
2012-07-27,1.2318,1.2281,1.2389,1.224
2012-07-26,1.2283,1.2157,1.2329,1.2116
2012-07-25,1.2159,1.2058,1.2169,1.205
2012-07-24,1.206,1.2115,1.2137,1.204
2012-07-23,1.2115,1.2117,1.2144,1.2067
2012-07-20,1.2157,1.2278,1.2282,1.2143
2012-07-19,1.228,1.2283,1.2321,1.2227
2012-07-18,1.2284,1.2295,1.2306,1.2215
2012-07-17,1.2294,1.2272,1.2315,1.2187
2012-07-16,1.2273,1.2254,1.229,1.2173
2012-07-13,1.2251,1.2196,1.2256,1.216
2012-07-12,1.2198,1.2237,1.2248,1.2165
2012-07-11,1.2239,1.225,1.2296,1.2211
2012-07-10,1.2251,1.2314,1.2333,1.2233
2012-07-09,1.2319,1.227,1.2324,1.2255
2012-07-06,1.2288,1.239,1.2401,1.2258
2012-07-05,1.2393,1.2526,1.2538,1.2362
2012-07-04,1.2523,1.2604,1.2606,1.2506
2012-07-03,1.2608,1.2581,1.2627,1.2557
2012-07-02,1.2586,1.2671,1.2672,1.2567
2012-06-29,1.266,1.2439,1.2692,1.2432
2012-06-28,1.244,1.2469,1.2524,1.2405
2012-06-27,1.247,1.249,1.251,1.2443
2012-06-26,1.249,1.25,1.253,1.244
2012-06-25,1.2505,1.2551,1.2557,1.2469
2012-06-22,1.257,1.2546,1.2583,1.2518
2012-06-21,1.2544,1.2703,1.2704,1.2529
2012-06-20,1.2705,1.2686,1.2743,1.2636
2012-06-19,1.2688,1.2574,1.273,1.2567
2012-06-18,1.2576,1.272,1.2747,1.2556
2012-06-15,1.2638,1.2626,1.2664,1.259
2012-06-14,1.2631,1.2563,1.2636,1.254
2012-06-13,1.2556,1.2505,1.261,1.2472
2012-06-12,1.2512,1.2466,1.253,1.2441
2012-06-11,1.2475,1.2657,1.2668,1.247
2012-06-08,1.2517,1.2562,1.2574,1.2434
2012-06-07,1.2562,1.2577,1.2625,1.2538
2012-06-06,1.2572,1.2451,1.2585,1.2438
2012-06-05,1.2454,1.2493,1.2542,1.2409
2012-06-04,1.2497,1.2431,1.2509,1.2384
2012-06-01,1.2434,1.2359,1.2456,1.2286
2012-05-31,1.2358,1.2365,1.2428,1.2335
2012-05-30,1.237,1.2485,1.2493,1.236
2012-05-29,1.2498,1.254,1.2574,1.2461
2012-05-28,1.2542,1.2566,1.2624,1.2523
2012-05-25,1.2517,1.2539,1.2602,1.2495
2012-05-24,1.2536,1.2588,1.2619,1.2514
2012-05-23,1.2587,1.2685,1.2687,1.2544
2012-05-22,1.2684,1.2812,1.2817,1.2656
2012-05-21,1.2814,1.2781,1.2824,1.2723
2012-05-18,1.2783,1.2684,1.2794,1.264
2012-05-17,1.2694,1.2715,1.2749,1.2665
2012-05-16,1.2716,1.2731,1.2759,1.2679
2012-05-15,1.2731,1.2823,1.2869,1.272
2012-05-14,1.2826,1.2881,1.2904,1.2819
2012-05-11,1.2917,1.2931,1.2957,1.2903
2012-05-10,1.2935,1.293,1.2979,1.2923
2012-05-09,1.2933,1.2999,1.3005,1.291
2012-05-08,1.3003,1.3057,1.3065,1.2981
2012-05-07,1.3054,1.3028,1.3065,1.2955
2012-05-04,1.3083,1.315,1.3178,1.3078
2012-05-03,1.3152,1.3152,1.318,1.3097
2012-05-02,1.3157,1.3236,1.3241,1.3121
2012-05-01,1.3238,1.324,1.3283,1.3203
2012-04-30,1.324,1.3239,1.3266,1.3206
2012-04-27,1.3255,1.3188,1.327,1.3155
2012-04-26,1.321,1.322,1.3263,1.3197
2012-04-25,1.3223,1.3194,1.3235,1.3173
2012-04-24,1.3195,1.3156,1.3218,1.3143
2012-04-23,1.3155,1.3191,1.321,1.3103
2012-04-20,1.3223,1.3135,1.3226,1.3126
2012-04-19,1.3136,1.312,1.3164,1.3068
2012-04-18,1.3121,1.3125,1.314,1.3056
2012-04-17,1.3125,1.3134,1.3172,1.3088
2012-04-16,1.3139,1.3065,1.3147,1.2993
2012-04-13,1.3077,1.3184,1.3201,1.3067
2012-04-12,1.3186,1.3108,1.3212,1.31
2012-04-11,1.311,1.3081,1.3156,1.3064
2012-04-10,1.3081,1.3106,1.3144,1.3052
2012-04-09,1.3102,1.31,1.3133,1.3031
2012-04-06,1.31,1.3061,1.3111,1.3036
2012-04-05,1.3061,1.3142,1.316,1.3034
2012-04-04,1.3142,1.3222,1.3232,1.3106
2012-04-03,1.3221,1.3348,1.3366,1.3212
2012-04-02,1.332,1.3356,1.3379,1.3277
2012-03-30,1.334,1.3313,1.3375,1.3308
2012-03-29,1.3313,1.3324,1.3344,1.3251
2012-03-28,1.3324,1.3328,1.3372,1.3276
2012-03-27,1.3328,1.3356,1.3384,1.3311
2012-03-26,1.3356,1.3282,1.3366,1.3191
2012-03-23,1.3268,1.3203,1.3292,1.3189
2012-03-22,1.3203,1.3217,1.3253,1.3133
2012-03-21,1.3216,1.3237,1.3284,1.3177
2012-03-20,1.3237,1.3228,1.3251,1.3171
2012-03-19,1.3228,1.3175,1.3264,1.314
2012-03-16,1.3174,1.3076,1.3186,1.3048
2012-03-15,1.3076,1.302,1.3118,1.3003
2012-03-14,1.302,1.3078,1.3089,1.301
2012-03-13,1.3078,1.3168,1.319,1.3051
2012-03-12,1.3168,1.312,1.3172,1.3078
2012-03-09,1.3122,1.327,1.3271,1.3095
2012-03-08,1.327,1.3139,1.329,1.3134
2012-03-07,1.3139,1.3118,1.3163,1.3095
2012-03-06,1.3119,1.3222,1.3225,1.3102
2012-03-05,1.3222,1.3184,1.324,1.3159
2012-03-02,1.3196,1.3325,1.3331,1.3186
2012-03-01,1.3325,1.3323,1.3355,1.3281
2012-02-29,1.3323,1.3476,1.3484,1.3317
2012-02-28,1.3477,1.3407,1.3478,1.3388
2012-02-27,1.3406,1.3465,1.3467,1.3365
2012-02-24,1.3446,1.3372,1.3485,1.3356
2012-02-23,1.3373,1.3254,1.3377,1.323
2012-02-22,1.3254,1.3248,1.3265,1.321
2012-02-21,1.3248,1.3206,1.3292,1.3186
2012-02-20,1.3206,1.3222,1.3275,1.3181
2012-02-17,1.3138,1.3126,1.3196,1.3114
2012-02-16,1.3126,1.3054,1.3158,1.2973
2012-02-15,1.3054,1.3127,1.3189,1.3042
2012-02-14,1.3127,1.3153,1.3215,1.3079
2012-02-13,1.3153,1.3239,1.3283,1.3144
2012-02-10,1.3197,1.3274,1.3289,1.3154
2012-02-09,1.3274,1.3246,1.332,1.3225
2012-02-08,1.3246,1.3247,1.3287,1.3214
2012-02-07,1.3247,1.3117,1.3266,1.3088
2012-02-06,1.3117,1.3124,1.314,1.3026
2012-02-03,1.3159,1.3135,1.3204,1.3065
2012-02-02,1.3135,1.3168,1.3195,1.3084
2012-02-01,1.3168,1.3075,1.3217,1.3025
2012-01-31,1.3075,1.3137,1.3212,1.3041
2012-01-30,1.3137,1.3205,1.3209,1.3075
2012-01-27,1.3218,1.3088,1.3233,1.3076
2012-01-26,1.3088,1.3105,1.3183,1.3088
2012-01-25,1.3105,1.3034,1.3119,1.293
2012-01-24,1.3034,1.3023,1.3062,1.2952
2012-01-23,1.3023,1.2886,1.3051,1.2882
2012-01-20,1.293,1.296,1.2985,1.2886
2012-01-19,1.296,1.2862,1.2971,1.2838
2012-01-18,1.2862,1.2746,1.2867,1.2733
2012-01-17,1.2745,1.2665,1.2808,1.2664
2012-01-16,1.2665,1.2647,1.2686,1.2625
2012-01-13,1.2677,1.2822,1.2879,1.2623
2012-01-12,1.282,1.2721,1.2844,1.2699
2012-01-11,1.2721,1.2752,1.2789,1.2662
2012-01-10,1.2752,1.2772,1.2817,1.2742
2012-01-09,1.2772,1.2678,1.2785,1.2677
2012-01-06,1.2719,1.2792,1.2812,1.2697
2012-01-05,1.2792,1.2929,1.2943,1.277
2012-01-04,1.2929,1.3053,1.3072,1.2897
2012-01-03,1.3053,1.2935,1.3076,1.2935
2012-01-02,1.2935,1.2943,1.2968,1.2917
2011-12-30,1.2956,1.2951,1.2998,1.2904
2011-12-29,1.2951,1.2924,1.2964,1.2858
2011-12-28,1.2924,1.3068,1.3079,1.2912
2011-12-27,1.3068,1.3047,1.3082,1.3042
2011-12-26,1.3047,1.3049,1.3081,1.3042
2011-12-23,1.3045,1.3054,1.3095,1.3026
2011-12-22,1.3054,1.3035,1.3118,1.3017
2011-12-21,1.3035,1.3086,1.3196,1.3025
2011-12-20,1.3086,1.3006,1.3131,1.2995
2011-12-19,1.3006,1.3035,1.3043,1.2983
2011-12-16,1.3042,1.3028,1.3083,1.2995
2011-12-15,1.3028,1.2985,1.3049,1.2957
2011-12-14,1.2985,1.3017,1.3063,1.2946
2011-12-13,1.3017,1.3163,1.3236,1.3009
2011-12-12,1.3163,1.337,1.3376,1.316
2011-12-09,1.3384,1.3344,1.3433,1.3281
2011-12-08,1.3344,1.3398,1.3457,1.3288
2011-12-07,1.3398,1.3409,1.3453,1.3351
2011-12-06,1.3409,1.3386,1.3427,1.3333
2011-12-05,1.3386,1.3415,1.3485,1.3375
2011-12-02,1.339,1.3465,1.3545,1.3362
2011-12-01,1.3465,1.344,1.352,1.3418
2011-11-30,1.344,1.3322,1.353,1.3259
2011-11-29,1.3322,1.3314,1.3441,1.3285
2011-11-28,1.3314,1.331,1.3398,1.3273
2011-11-25,1.3238,1.333,1.3332,1.3212
2011-11-24,1.333,1.3345,1.3411,1.3316
2011-11-23,1.3345,1.3518,1.353,1.332
2011-11-22,1.3518,1.3483,1.3568,1.3469
2011-11-21,1.3483,1.3535,1.354,1.343
2011-11-18,1.3522,1.3453,1.3614,1.3447
2011-11-17,1.3453,1.3439,1.3539,1.3423
2011-11-16,1.3439,1.3503,1.3556,1.3421
2011-11-15,1.3503,1.3624,1.364,1.3496
2011-11-14,1.3624,1.3784,1.3788,1.3591
2011-11-11,1.3767,1.3609,1.3794,1.3578
2011-11-10,1.3609,1.3525,1.3652,1.3484
2011-11-09,1.3525,1.3824,1.3858,1.3522
2011-11-08,1.3824,1.3759,1.3846,1.3724
2011-11-07,1.3759,1.3786,1.3812,1.3681
2011-11-04,1.379,1.3823,1.3865,1.3711
2011-11-03,1.3823,1.3726,1.3854,1.3656
2011-11-02,1.3726,1.3661,1.3826,1.3636
2011-11-01,1.3661,1.3844,1.387,1.3608
2011-10-31,1.3844,1.4143,1.4169,1.3829
2011-10-28,1.4145,1.4173,1.42,1.4133
2011-10-27,1.4173,1.3875,1.4246,1.3864
2011-10-26,1.3875,1.3903,1.3974,1.38
2011-10-25,1.3903,1.3919,1.3959,1.3849
2011-10-24,1.3919,1.385,1.3956,1.3822
2011-10-21,1.3892,1.3794,1.39,1.3704
2011-10-20,1.3793,1.3766,1.3841,1.3657
2011-10-19,1.3767,1.3733,1.3868,1.3725
2011-10-18,1.3733,1.3744,1.3816,1.3653
2011-10-17,1.3744,1.3872,1.3914,1.3724
2011-10-14,1.3878,1.3751,1.3894,1.3723
2011-10-13,1.3751,1.3778,1.3825,1.3685
2011-10-12,1.3777,1.3633,1.3833,1.3582
2011-10-11,1.3633,1.3626,1.3683,1.3565
2011-10-10,1.3626,1.3399,1.3698,1.3393
2011-10-07,1.3376,1.3427,1.3524,1.3361
2011-10-06,1.3427,1.3346,1.345,1.3242
2011-10-05,1.3345,1.3317,1.3383,1.326
2011-10-04,1.3317,1.319,1.3368,1.3146
2011-10-03,1.319,1.3356,1.3381,1.3163
2011-09-30,1.3385,1.3595,1.36,1.3384
2011-09-29,1.3595,1.3521,1.3677,1.352
2011-09-28,1.3522,1.3584,1.3689,1.3519
2011-09-27,1.3585,1.3496,1.3667,1.3479
2011-09-26,1.3496,1.3516,1.3546,1.3362
2011-09-23,1.3497,1.3504,1.3566,1.3419
2011-09-22,1.3504,1.3576,1.3587,1.3386
2011-09-21,1.3576,1.3707,1.3795,1.3557
2011-09-20,1.3706,1.3621,1.3743,1.3593
2011-09-19,1.3621,1.3681,1.372,1.3587
2011-09-16,1.3794,1.388,1.3881,1.3754
2011-09-15,1.388,1.3747,1.3936,1.3703
2011-09-14,1.3747,1.368,1.3783,1.3591
2011-09-13,1.368,1.3639,1.3738,1.3558
2011-09-12,1.3639,1.3582,1.3692,1.3499
2011-09-09,1.3653,1.3915,1.3936,1.3627
2011-09-08,1.3915,1.407,1.4089,1.3872
2011-09-07,1.407,1.4023,1.4148,1.4012
2011-09-06,1.4023,1.4071,1.4254,1.3973
2011-09-05,1.4071,1.415,1.4173,1.4058
2011-09-02,1.4204,1.4278,1.4287,1.4184
2011-09-01,1.4278,1.4359,1.4377,1.4226
2011-08-31,1.4359,1.4424,1.4469,1.4355
2011-08-30,1.4424,1.4514,1.4533,1.4384
2011-08-29,1.4514,1.448,1.4548,1.4466
2011-08-26,1.4498,1.4411,1.4501,1.4329
2011-08-25,1.4411,1.4407,1.4474,1.4328
2011-08-24,1.4407,1.4438,1.4481,1.438
2011-08-23,1.4438,1.4356,1.4499,1.4356
2011-08-22,1.4356,1.4366,1.4434,1.4347
2011-08-19,1.4395,1.4295,1.4451,1.4259
2011-08-18,1.4295,1.4427,1.4451,1.4271
2011-08-17,1.4427,1.438,1.4517,1.4325
2011-08-16,1.438,1.4437,1.4471,1.4354
2011-08-15,1.4437,1.4283,1.4475,1.4264
2011-08-12,1.4248,1.4214,1.429,1.4149
2011-08-11,1.4215,1.4134,1.4291,1.4104
2011-08-10,1.4134,1.4354,1.4401,1.4122
2011-08-09,1.4354,1.4175,1.4397,1.4152
2011-08-08,1.4175,1.4308,1.4401,1.413
2011-08-05,1.428,1.4077,1.4297,1.4069
2011-08-04,1.4077,1.4349,1.4367,1.4055
2011-08-03,1.4349,1.4184,1.4366,1.4142
2011-08-02,1.4184,1.4271,1.4282,1.4151
2011-08-01,1.4272,1.4352,1.4453,1.4184
2011-07-29,1.4394,1.4326,1.4413,1.4229
2011-07-28,1.4326,1.4363,1.44,1.4254
2011-07-27,1.4361,1.4508,1.4535,1.4339
2011-07-26,1.4508,1.4372,1.4524,1.4357
2011-07-25,1.4373,1.4367,1.4406,1.4325
2011-07-22,1.4358,1.4408,1.4437,1.4324
2011-07-21,1.4408,1.4262,1.4438,1.4139
2011-07-20,1.4261,1.417,1.4274,1.4133
2011-07-19,1.417,1.4127,1.4216,1.4069
2011-07-18,1.4126,1.4126,1.4136,1.4014
2011-07-15,1.4157,1.4162,1.4192,1.4092
2011-07-14,1.4162,1.4269,1.4269,1.4116
2011-07-13,1.4269,1.3989,1.4281,1.3962
2011-07-12,1.3989,1.4037,1.4053,1.3837
2011-07-11,1.4037,1.4211,1.4227,1.3986
2011-07-08,1.4263,1.436,1.4368,1.4206
2011-07-07,1.436,1.4333,1.4373,1.4221
2011-07-06,1.4333,1.4433,1.4466,1.4286
2011-07-05,1.4432,1.4541,1.4541,1.4402
2011-07-04,1.4541,1.4563,1.4567,1.4495
2011-07-01,1.4525,1.4474,1.455,1.4436
2011-06-30,1.4474,1.4463,1.4536,1.4447
2011-06-29,1.4463,1.4357,1.448,1.4338
2011-06-28,1.4357,1.4311,1.4396,1.4237
2011-06-27,1.4311,1.4154,1.4327,1.4102
2011-06-24,1.4186,1.426,1.4306,1.4142
2011-06-23,1.426,1.433,1.4332,1.4126
2011-06-22,1.433,1.4376,1.4441,1.431
2011-06-21,1.4376,1.4361,1.4431,1.4307
2011-06-20,1.4361,1.4256,1.4382,1.4191
2011-06-17,1.4286,1.4201,1.4338,1.4127
2011-06-16,1.4201,1.4191,1.4221,1.4073
2011-06-15,1.4191,1.4432,1.4438,1.4156
2011-06-14,1.4432,1.4416,1.4497,1.4379
2011-06-13,1.4416,1.4335,1.443,1.4322
2011-06-10,1.4346,1.4537,1.455,1.4322
2011-06-09,1.4537,1.4592,1.4646,1.4478
2011-06-08,1.4592,1.468,1.4689,1.4564
2011-06-07,1.4679,1.459,1.4695,1.4563
2011-06-06,1.459,1.4651,1.4657,1.4557
2011-06-03,1.4633,1.4486,1.4642,1.4452
2011-06-02,1.4486,1.4346,1.4512,1.4325
2011-06-01,1.4346,1.4424,1.4458,1.4308
2011-05-31,1.4424,1.4333,1.4436,1.4326
2011-05-30,1.4333,1.4288,1.4351,1.4257
2011-05-27,1.4317,1.4144,1.4322,1.4129
2011-05-26,1.4144,1.4069,1.4206,1.4067
2011-05-25,1.4068,1.4092,1.4118,1.4013
2011-05-24,1.4092,1.4012,1.4133,1.4012
2011-05-23,1.4012,1.4107,1.4135,1.3969
2011-05-20,1.4157,1.4322,1.4345,1.4132
2011-05-19,1.4325,1.4258,1.4337,1.4206
2011-05-18,1.4258,1.4262,1.4286,1.4195
2011-05-17,1.4266,1.4145,1.4276,1.412
2011-05-16,1.4145,1.4067,1.4244,1.4048
2011-05-13,1.4117,1.4229,1.4339,1.4067
2011-05-12,1.4229,1.4206,1.4276,1.4123
2011-05-11,1.4205,1.4399,1.4422,1.4172
2011-05-10,1.4399,1.4368,1.4418,1.427
2011-05-09,1.4368,1.4388,1.4441,1.4255
2011-05-06,1.4315,1.4558,1.4587,1.4312
2011-05-05,1.4558,1.4826,1.4899,1.451
2011-05-04,1.4827,1.4836,1.4938,1.4775
2011-05-03,1.4836,1.4794,1.4888,1.4754
2011-05-02,1.4794,1.4815,1.4901,1.4763
2011-04-29,1.4806,1.484,1.4877,1.4803
2011-04-28,1.484,1.4787,1.4881,1.4772
2011-04-27,1.4788,1.4704,1.4795,1.4632
2011-04-26,1.4704,1.4551,1.4712,1.4493
2011-04-25,1.455,1.4587,1.4626,1.4525
2011-04-22,1.456,1.4558,1.4587,1.4534
2011-04-21,1.4559,1.4519,1.4648,1.4515
2011-04-20,1.4518,1.4365,1.4544,1.4355
2011-04-19,1.4365,1.4236,1.4373,1.4205
2011-04-18,1.4236,1.4396,1.4404,1.4157
2011-04-15,1.4428,1.45,1.4502,1.439
2011-04-14,1.45,1.4451,1.4514,1.4365
2011-04-13,1.4452,1.4482,1.4519,1.4413
2011-04-12,1.4482,1.4423,1.4518,1.4377
2011-04-11,1.4423,1.448,1.4481,1.4421
2011-04-08,1.4482,1.4297,1.4487,1.4291
2011-04-07,1.4297,1.4324,1.4325,1.4242
2011-04-06,1.4324,1.4231,1.4348,1.4228
2011-04-05,1.4231,1.4204,1.4244,1.4151
2011-04-04,1.4205,1.4234,1.4268,1.4192
2011-04-01,1.4234,1.4156,1.4245,1.4061
2011-03-31,1.4156,1.4127,1.4232,1.4116
2011-03-30,1.4127,1.411,1.4146,1.4052
2011-03-29,1.411,1.4076,1.4148,1.4047
2011-03-28,1.4076,1.4023,1.4115,1.4022
2011-03-25,1.4087,1.4169,1.4193,1.4055
2011-03-24,1.4169,1.4104,1.4219,1.4053
2011-03-23,1.4104,1.4168,1.4214,1.4077
2011-03-22,1.4168,1.4213,1.4248,1.4162
2011-03-21,1.4213,1.4168,1.424,1.4141
2011-03-18,1.4179,1.403,1.4183,1.398
2011-03-17,1.403,1.3883,1.4052,1.3876
2011-03-16,1.3884,1.3985,1.4,1.3866
2011-03-15,1.3985,1.399,1.4012,1.3855
2011-03-14,1.399,1.3934,1.4003,1.3904
2011-03-11,1.3902,1.38,1.3915,1.3752
2011-03-10,1.38,1.3902,1.3924,1.3775
2011-03-09,1.3902,1.3895,1.3941,1.3855
2011-03-08,1.3895,1.3962,1.3988,1.3862
2011-03-07,1.3962,1.399,1.4035,1.3955
2011-03-04,1.3986,1.3955,1.4005,1.3942
2011-03-03,1.3955,1.3865,1.3973,1.3833
2011-03-02,1.3865,1.3768,1.389,1.3745
2011-03-01,1.3768,1.382,1.3853,1.3763
2011-02-28,1.382,1.3733,1.3855,1.3711
2011-02-25,1.3752,1.3819,1.3837,1.3724
2011-02-24,1.3819,1.376,1.3823,1.3704
2011-02-23,1.376,1.3672,1.3786,1.3672
2011-02-22,1.3672,1.368,1.3703,1.3528
2011-02-21,1.368,1.3712,1.3712,1.3647
2011-02-18,1.3692,1.3622,1.3714,1.3545
2011-02-17,1.3622,1.3573,1.3626,1.3537
2011-02-16,1.3573,1.3497,1.3587,1.3462
2011-02-15,1.3497,1.3478,1.355,1.3461
2011-02-14,1.3478,1.3511,1.3558,1.3428
2011-02-11,1.3551,1.3603,1.362,1.3497
2011-02-10,1.3603,1.3719,1.3727,1.3577
2011-02-09,1.3719,1.3625,1.3742,1.3611
2011-02-08,1.3625,1.3591,1.3687,1.3572
2011-02-07,1.3591,1.3573,1.3626,1.3508
2011-02-04,1.358,1.3623,1.3675,1.3544
2011-02-03,1.3623,1.3816,1.3825,1.3609
2011-02-02,1.3816,1.3827,1.3861,1.3767
2011-02-01,1.3828,1.3712,1.3842,1.3701
2011-01-31,1.3712,1.3572,1.3738,1.357
2011-01-28,1.361,1.3722,1.3745,1.3583
2011-01-27,1.3722,1.3709,1.3757,1.3637
2011-01-26,1.3709,1.3685,1.3721,1.3642
2011-01-25,1.3685,1.3642,1.3702,1.3573
2011-01-24,1.3642,1.3618,1.3685,1.354
2011-01-21,1.362,1.3465,1.3624,1.3448
2011-01-20,1.3465,1.3451,1.3522,1.3396
2011-01-19,1.3451,1.3377,1.3537,1.3376
2011-01-18,1.3377,1.3281,1.3464,1.3253
2011-01-17,1.3281,1.3378,1.3379,1.3245
2011-01-14,1.3388,1.3351,1.3456,1.3314
2011-01-13,1.335,1.3126,1.3383,1.3089
2011-01-12,1.3127,1.2982,1.3144,1.2962
2011-01-11,1.2982,1.2964,1.2992,1.2905
2011-01-10,1.2964,1.2895,1.2966,1.2874
2011-01-07,1.2906,1.298,1.3021,1.2904
2011-01-06,1.2979,1.3156,1.317,1.2968
2011-01-05,1.3156,1.3319,1.3325,1.3126
2011-01-04,1.3318,1.3356,1.3433,1.3292
2011-01-03,1.3355,1.3356,1.3395,1.325
2010-12-31,1.3383,1.3301,1.3422,1.3288
2010-12-30,1.3301,1.3222,1.3314,1.3219
2010-12-29,1.3222,1.3085,1.3238,1.3084
2010-12-28,1.3085,1.3188,1.3274,1.3083
2010-12-27,1.3188,1.3079,1.3189,1.3078
2010-12-24,1.3121,1.3122,1.3147,1.3095
2010-12-23,1.3122,1.3114,1.3151,1.3055
2010-12-22,1.3114,1.3091,1.318,1.3078
2010-12-21,1.3091,1.3117,1.3201,1.3073
2010-12-20,1.3117,1.3162,1.3182,1.3095
2010-12-17,1.3187,1.3239,1.3358,1.3133
2010-12-16,1.3238,1.3224,1.3265,1.3181
2010-12-15,1.3224,1.3356,1.3377,1.3208
2010-12-14,1.3356,1.3394,1.3497,1.3355
2010-12-13,1.3394,1.3197,1.3433,1.3182
2010-12-10,1.3226,1.324,1.3282,1.3179
2010-12-09,1.324,1.3248,1.3322,1.3164
2010-12-08,1.3248,1.3245,1.328,1.318
2010-12-07,1.3245,1.3288,1.34,1.3236
2010-12-06,1.3289,1.3413,1.342,1.3246
2010-12-03,1.3414,1.3211,1.3437,1.3193
2010-12-02,1.3211,1.3124,1.3246,1.306
2010-12-01,1.3124,1.2994,1.3181,1.2971
2010-11-30,1.2994,1.3099,1.3149,1.2969
2010-11-29,1.3099,1.3237,1.3301,1.3064
2010-11-26,1.324,1.3339,1.335,1.32
2010-11-25,1.3339,1.3357,1.3386,1.3286
2010-11-24,1.3357,1.3385,1.342,1.3284
2010-11-23,1.3385,1.36,1.3614,1.336
2010-11-22,1.36,1.3741,1.3785,1.3577
2010-11-19,1.3672,1.3656,1.3731,1.3608
2010-11-18,1.3656,1.3553,1.3667,1.3542
2010-11-17,1.3554,1.3493,1.3565,1.346
2010-11-16,1.3493,1.3573,1.3655,1.3447
2010-11-15,1.3572,1.3688,1.375,1.3563
2010-11-12,1.369,1.3621,1.3776,1.3574
2010-11-11,1.3621,1.3774,1.382,1.3608
2010-11-10,1.3774,1.377,1.3825,1.3671
2010-11-09,1.3771,1.3867,1.3973,1.3748
2010-11-08,1.3867,1.4074,1.4085,1.3859
2010-11-05,1.4031,1.4228,1.423,1.4024
2010-11-04,1.4228,1.4126,1.4281,1.4102
2010-11-03,1.4127,1.4032,1.418,1.3992
2010-11-02,1.4033,1.3908,1.4057,1.3881
2010-11-01,1.3908,1.3973,1.4011,1.3864
2010-10-29,1.3946,1.3928,1.395,1.3807
2010-10-28,1.3928,1.3777,1.3945,1.3774
2010-10-27,1.3778,1.3845,1.3876,1.3734
2010-10-26,1.3845,1.3922,1.3981,1.3825
2010-10-25,1.3922,1.3961,1.408,1.3907
2010-10-22,1.3953,1.3912,1.397,1.386
2010-10-21,1.3912,1.3976,1.4049,1.3871
2010-10-20,1.3975,1.3698,1.3989,1.3698
2010-10-19,1.3698,1.3963,1.4002,1.3698
2010-10-18,1.3963,1.3951,1.3998,1.383
2010-10-15,1.3976,1.4024,1.415,1.3937
2010-10-14,1.4025,1.3982,1.4122,1.3982
2010-10-13,1.3982,1.392,1.4001,1.3912
2010-10-12,1.392,1.3864,1.3934,1.3775
2010-10-11,1.3864,1.3996,1.3998,1.3856
2010-10-08,1.3928,1.3924,1.3983,1.3834
2010-10-07,1.3924,1.3915,1.4028,1.3857
2010-10-06,1.3915,1.3853,1.3947,1.38
2010-10-05,1.3853,1.3648,1.3858,1.3637
2010-10-04,1.3648,1.3775,1.3784,1.3644
2010-10-01,1.379,1.363,1.3792,1.3629
2010-09-30,1.3631,1.3624,1.3682,1.3559
2010-09-29,1.3624,1.3572,1.3646,1.3566
2010-09-28,1.3573,1.3428,1.3595,1.3381
2010-09-27,1.3428,1.3478,1.3505,1.3425
2010-09-24,1.3492,1.3295,1.3495,1.3286
2010-09-23,1.3295,1.3393,1.3413,1.3291
2010-09-22,1.3393,1.3283,1.3439,1.3267
2010-09-21,1.3283,1.3062,1.329,1.3059
2010-09-20,1.3062,1.3042,1.3121,1.3029
2010-09-17,1.3049,1.3066,1.3158,1.3019
2010-09-16,1.3066,1.301,1.3116,1.2975
2010-09-15,1.3011,1.2995,1.3036,1.2953
2010-09-14,1.2995,1.2862,1.3032,1.2829
2010-09-13,1.2863,1.276,1.2892,1.2758
2010-09-10,1.2678,1.2677,1.2746,1.2643
2010-09-09,1.2678,1.2727,1.2765,1.2665
2010-09-08,1.2727,1.2692,1.2762,1.2659
2010-09-07,1.2692,1.2818,1.2818,1.2676
2010-09-06,1.2818,1.2886,1.2917,1.2799
2010-09-03,1.2895,1.2814,1.2897,1.2808
2010-09-02,1.2814,1.2795,1.2847,1.2776
2010-09-01,1.2795,1.2674,1.2855,1.2663
2010-08-31,1.2674,1.2663,1.2742,1.2625
2010-08-30,1.2663,1.2752,1.2755,1.2658
2010-08-27,1.2762,1.2703,1.2778,1.2681
2010-08-26,1.2703,1.2671,1.2763,1.265
2010-08-25,1.2672,1.2635,1.2725,1.2609
2010-08-24,1.2635,1.2631,1.2716,1.2587
2010-08-23,1.2631,1.2699,1.2729,1.2624
2010-08-20,1.271,1.2807,1.2832,1.2663
2010-08-19,1.2807,1.2799,1.2902,1.2772
2010-08-18,1.2799,1.2869,1.2921,1.2792
2010-08-17,1.2869,1.2813,1.2915,1.2804
2010-08-16,1.2813,1.2756,1.2871,1.2734
2010-08-13,1.2753,1.2842,1.2905,1.2749
2010-08-12,1.2842,1.2849,1.2932,1.278
2010-08-11,1.2849,1.3155,1.316,1.283
2010-08-10,1.3155,1.3215,1.3226,1.3074
2010-08-09,1.3215,1.3282,1.3307,1.3211
2010-08-06,1.3278,1.3179,1.3333,1.3157
2010-08-05,1.3179,1.3154,1.3234,1.3119
2010-08-04,1.3154,1.322,1.3238,1.3131
2010-08-03,1.322,1.3171,1.3261,1.3146
2010-08-02,1.3172,1.3059,1.3194,1.3055
2010-07-30,1.305,1.3066,1.3093,1.298
2010-07-29,1.3066,1.2998,1.3106,1.2977
2010-07-28,1.2998,1.2988,1.3041,1.2966
2010-07-27,1.2987,1.2982,1.3045,1.2952
2010-07-26,1.2982,1.2923,1.3005,1.2889
2010-07-23,1.2909,1.2911,1.2964,1.2793
2010-07-22,1.2911,1.2759,1.293,1.2737
2010-07-21,1.2759,1.2905,1.2912,1.2732
2010-07-20,1.2905,1.2939,1.3028,1.2839
2010-07-19,1.2939,1.2889,1.2991,1.2871
2010-07-16,1.293,1.2918,1.3006,1.2889
2010-07-15,1.2918,1.2734,1.2954,1.2709
2010-07-14,1.2734,1.2719,1.2777,1.2682
2010-07-13,1.2719,1.2603,1.2738,1.2522
2010-07-12,1.2603,1.2638,1.2644,1.2551
2010-07-09,1.264,1.269,1.2722,1.2609
2010-07-08,1.269,1.2625,1.271,1.2625
2010-07-07,1.2624,1.2622,1.2663,1.2553
2010-07-06,1.2622,1.2507,1.2662,1.248
2010-07-05,1.2507,1.2547,1.2557,1.2505
2010-07-02,1.2566,1.2509,1.2611,1.2482
2010-07-01,1.2508,1.2226,1.2533,1.2193
2010-06-30,1.2226,1.2187,1.2304,1.2166
2010-06-29,1.2186,1.2287,1.229,1.2149
2010-06-28,1.2287,1.2386,1.2397,1.2265
2010-06-25,1.2368,1.2335,1.2394,1.2254
2010-06-24,1.2335,1.2306,1.2387,1.2261
2010-06-23,1.2306,1.2266,1.2343,1.2209
2010-06-22,1.2265,1.232,1.2353,1.2252
2010-06-21,1.2321,1.2415,1.2466,1.2304
2010-06-18,1.2388,1.2387,1.2416,1.2353
2010-06-17,1.2388,1.2298,1.241,1.2242
2010-06-16,1.2298,1.2316,1.2352,1.2255
2010-06-15,1.2315,1.2211,1.2349,1.2168
2010-06-14,1.2211,1.2206,1.2297,1.2163
2010-06-11,1.2111,1.213,1.2152,1.2045
2010-06-10,1.213,1.1989,1.2141,1.1957
2010-06-09,1.1989,1.1958,1.2072,1.1924
2010-06-08,1.1958,1.1923,1.2008,1.1902
2010-06-07,1.1923,1.1931,1.1991,1.1876
2010-06-04,1.1967,1.2178,1.2215,1.1955
2010-06-03,1.2178,1.2251,1.2325,1.2152
2010-06-02,1.2251,1.2245,1.2273,1.2175
2010-06-01,1.2245,1.227,1.2349,1.2111
2010-05-31,1.227,1.2288,1.2334,1.2267
2010-05-28,1.2272,1.2367,1.2452,1.2265
2010-05-27,1.2367,1.2183,1.2394,1.2182
2010-05-26,1.2183,1.2332,1.2343,1.2153
2010-05-25,1.2333,1.2338,1.2388,1.2178
2010-05-24,1.2338,1.251,1.2538,1.2332
2010-05-21,1.2571,1.2539,1.2671,1.2471
2010-05-20,1.254,1.2385,1.2597,1.2296
2010-05-19,1.2384,1.2144,1.243,1.2144
2010-05-18,1.2145,1.2382,1.2444,1.2144
2010-05-17,1.2382,1.2358,1.2414,1.2233
2010-05-14,1.2357,1.2532,1.2575,1.2353
2010-05-13,1.2531,1.2645,1.2683,1.2516
2010-05-12,1.2646,1.2641,1.2738,1.2605
2010-05-11,1.2641,1.2737,1.2802,1.2615
2010-05-10,1.2737,1.2866,1.3093,1.2722
2010-05-07,1.2752,1.2654,1.2797,1.2586
2010-05-06,1.2654,1.2816,1.2856,1.2527
2010-05-05,1.2816,1.2977,1.2996,1.2789
2010-05-04,1.2977,1.3195,1.3213,1.2962
2010-05-03,1.3194,1.3312,1.3312,1.3154
2010-04-30,1.3294,1.325,1.3342,1.3225
2010-04-29,1.325,1.3196,1.3278,1.3184
2010-04-28,1.3197,1.3178,1.3265,1.3114
2010-04-27,1.3178,1.3393,1.3394,1.3144
2010-04-26,1.3394,1.3364,1.3415,1.3292
2010-04-23,1.3381,1.3222,1.3399,1.3206
2010-04-22,1.3222,1.3387,1.3421,1.3202
2010-04-21,1.3387,1.3422,1.3447,1.3358
2010-04-20,1.3422,1.3488,1.3522,1.3419
2010-04-19,1.3488,1.3475,1.3495,1.3416
2010-04-16,1.3502,1.3565,1.3566,1.3473
2010-04-15,1.3565,1.3657,1.3666,1.3521
2010-04-14,1.3657,1.3616,1.3678,1.3596
2010-04-13,1.3615,1.3586,1.3627,1.3546
2010-04-12,1.3586,1.3657,1.3691,1.3566
2010-04-09,1.3498,1.3373,1.3498,1.3341
2010-04-08,1.3374,1.333,1.3383,1.3282
2010-04-07,1.333,1.3381,1.3401,1.3325
2010-04-06,1.3381,1.3466,1.3466,1.3355
2010-04-05,1.3466,1.3494,1.3538,1.346
2010-04-02,1.3503,1.3586,1.3588,1.3475
2010-04-01,1.3586,1.3526,1.359,1.346
2010-03-31,1.3526,1.3433,1.3548,1.3384
2010-03-30,1.3434,1.3476,1.3537,1.3395
2010-03-29,1.3476,1.3446,1.3506,1.3417
2010-03-26,1.3408,1.3305,1.3423,1.3301
2010-03-25,1.3305,1.333,1.3386,1.3267
2010-03-24,1.333,1.3468,1.3485,1.3305
2010-03-23,1.3468,1.3566,1.3567,1.3458
2010-03-22,1.3567,1.3512,1.3569,1.3463
2010-03-19,1.353,1.3611,1.3626,1.3503
2010-03-18,1.3611,1.3736,1.3739,1.3586
2010-03-17,1.3736,1.3767,1.3817,1.3726
2010-03-16,1.3767,1.3673,1.3782,1.3657
2010-03-15,1.3673,1.3773,1.3774,1.3642
2010-03-12,1.3768,1.3684,1.3795,1.3669
2010-03-11,1.3684,1.3643,1.3686,1.3621
2010-03-10,1.3643,1.3606,1.3679,1.3544
2010-03-09,1.3605,1.3618,1.3635,1.3537
2010-03-08,1.3618,1.3637,1.3704,1.3606
2010-03-05,1.362,1.3582,1.363,1.353
2010-03-04,1.3582,1.3699,1.3712,1.3551
2010-03-03,1.37,1.362,1.3735,1.3592
2010-03-02,1.3621,1.3561,1.3622,1.3435
2010-03-01,1.3561,1.3638,1.3654,1.346
2010-02-26,1.3631,1.3535,1.3683,1.3534
2010-02-25,1.3535,1.3542,1.357,1.345
2010-02-24,1.3542,1.3524,1.3625,1.3502
2010-02-23,1.3523,1.3606,1.3691,1.3496
2010-02-22,1.3606,1.3629,1.3653,1.3575
2010-02-19,1.3612,1.3466,1.3617,1.3453
2010-02-18,1.3467,1.3607,1.3654,1.3443
2010-02-17,1.3607,1.3764,1.3788,1.3586
2010-02-16,1.3764,1.3597,1.3778,1.3588
2010-02-15,1.3597,1.3623,1.3632,1.3578
2010-02-12,1.3631,1.3687,1.3688,1.3531
2010-02-11,1.3687,1.3748,1.38,1.3596
2010-02-10,1.3748,1.378,1.3812,1.3677
2010-02-09,1.3781,1.3655,1.3838,1.3649
2010-02-08,1.3655,1.3642,1.3713,1.3621
2010-02-05,1.3678,1.3742,1.3745,1.3585
2010-02-04,1.3742,1.3897,1.3902,1.3715
2010-02-03,1.3897,1.3975,1.4025,1.3883
2010-02-02,1.3975,1.392,1.3976,1.3886
2010-02-01,1.3922,1.3875,1.3938,1.3852
2010-01-29,1.3861,1.3963,1.3987,1.3861
2010-01-28,1.3963,1.4028,1.4052,1.3946
2010-01-27,1.4028,1.4081,1.4096,1.3994
2010-01-26,1.4082,1.4147,1.4178,1.4042
2010-01-25,1.4147,1.4154,1.4194,1.4128
2010-01-22,1.4136,1.4098,1.4181,1.4086
2010-01-21,1.4098,1.4113,1.4142,1.4028
2010-01-20,1.4113,1.4282,1.4288,1.4082
2010-01-19,1.4281,1.4403,1.4413,1.4253
2010-01-18,1.4403,1.4369,1.4408,1.4335
2010-01-15,1.4386,1.4499,1.4502,1.4337
2010-01-14,1.4499,1.4522,1.4555,1.4448
2010-01-13,1.4522,1.4475,1.4579,1.4456
2010-01-12,1.4475,1.4507,1.4545,1.4454
2010-01-11,1.4507,1.4464,1.4554,1.4462
2010-01-08,1.4408,1.4317,1.4426,1.4263
2010-01-07,1.4317,1.4402,1.4446,1.4299
2010-01-06,1.4402,1.4364,1.4434,1.4283
2010-01-05,1.4364,1.4424,1.4483,1.4347
2010-01-04,1.4424,1.4315,1.4454,1.4257
2010-01-01,1.4326,1.4325,1.433,1.4319
2009-12-31,1.4331,1.434,1.444,1.4306
2009-12-30,1.434,1.434,1.436,1.4272
2009-12-29,1.434,1.4372,1.4457,1.4331
2009-12-28,1.4372,1.4373,1.4413,1.4353
2009-12-25,1.4397,1.4375,1.4436,1.4362
2009-12-24,1.4354,1.4335,1.4417,1.433
2009-12-23,1.4335,1.4254,1.4366,1.4234
2009-12-22,1.4254,1.4285,1.4331,1.4218
2009-12-21,1.4285,1.4331,1.4372,1.4265
2009-12-18,1.4335,1.4344,1.4411,1.4261
2009-12-17,1.4344,1.4524,1.453,1.4304
2009-12-16,1.4524,1.454,1.4589,1.4505
2009-12-15,1.4541,1.4656,1.4658,1.4504
2009-12-14,1.4657,1.4624,1.4685,1.4607
2009-12-11,1.4614,1.4729,1.4775,1.4586
2009-12-10,1.4729,1.4737,1.476,1.4684
2009-12-09,1.4736,1.4691,1.4781,1.4674
2009-12-08,1.4691,1.4837,1.4866,1.4668
2009-12-07,1.4838,1.487,1.4903,1.4754
2009-12-04,1.4856,1.5062,1.5089,1.482
2009-12-03,1.5062,1.5065,1.514,1.5037
2009-12-02,1.5065,1.5089,1.5109,1.5032
2009-12-01,1.5089,1.5034,1.5116,1.4971
2009-11-30,1.5035,1.4998,1.5083,1.4973
2009-11-27,1.4987,1.4967,1.5001,1.4828
2009-11-26,1.4967,1.5125,1.5138,1.4938
2009-11-25,1.5125,1.4966,1.5144,1.4961
2009-11-24,1.4965,1.4958,1.4988,1.4888
2009-11-23,1.4958,1.4868,1.4998,1.4868
2009-11-20,1.4861,1.4913,1.4934,1.4801
2009-11-19,1.4913,1.4954,1.4956,1.4843
2009-11-18,1.4954,1.4874,1.499,1.4869
2009-11-17,1.4874,1.4983,1.4998,1.4808
2009-11-16,1.4982,1.4957,1.5015,1.4885
2009-11-13,1.4902,1.4856,1.4937,1.4824
2009-11-12,1.4856,1.4985,1.5016,1.4821
2009-11-11,1.4985,1.4991,1.5048,1.4953
2009-11-10,1.4991,1.5007,1.5019,1.4938
2009-11-09,1.4996,1.4864,1.5019,1.4853
2009-11-06,1.4846,1.4876,1.4913,1.4813
2009-11-05,1.4876,1.4865,1.4916,1.4811
2009-11-04,1.4865,1.4731,1.4908,1.4702
2009-11-03,1.4731,1.4772,1.481,1.4626
2009-11-02,1.4772,1.4703,1.4844,1.4703
2009-10-30,1.4719,1.4838,1.4857,1.4703
2009-10-29,1.4838,1.4716,1.4858,1.4683
2009-10-28,1.4715,1.482,1.484,1.4693
2009-10-27,1.4819,1.4857,1.4926,1.477
2009-10-26,1.4857,1.4992,1.5062,1.4845
2009-10-23,1.5007,1.5025,1.5059,1.4986
2009-10-22,1.5024,1.5012,1.5037,1.4944
2009-10-21,1.5013,1.493,1.5045,1.4888
2009-10-20,1.493,1.4967,1.4993,1.4882
2009-10-19,1.4967,1.4891,1.4979,1.4827
2009-10-16,1.4904,1.4952,1.4965,1.4847
2009-10-15,1.4953,1.493,1.4966,1.4842
2009-10-14,1.4931,1.4848,1.4944,1.4838
2009-10-13,1.4848,1.4789,1.4874,1.4761
2009-10-12,1.4789,1.4718,1.4812,1.4675
2009-10-09,1.473,1.4769,1.4777,1.4672
2009-10-08,1.4769,1.4713,1.4815,1.4703
2009-10-07,1.4713,1.472,1.4735,1.4649
2009-10-06,1.472,1.4656,1.4761,1.4654
2009-10-05,1.4656,1.4596,1.4668,1.4591
2009-10-02,1.4574,1.4514,1.4646,1.4484
2009-10-01,1.4514,1.4653,1.4668,1.4511
2009-09-30,1.4653,1.4593,1.4673,1.4575
2009-09-29,1.4593,1.4621,1.4645,1.4527
2009-09-28,1.4621,1.4708,1.4712,1.4564
2009-09-25,1.4688,1.465,1.4724,1.4614
2009-09-24,1.465,1.4728,1.4802,1.4623
2009-09-23,1.4727,1.4808,1.4843,1.4686
2009-09-22,1.4809,1.4682,1.4841,1.4682
2009-09-21,1.4682,1.4703,1.4712,1.4611
2009-09-18,1.4711,1.4731,1.4737,1.4647
2009-09-17,1.4731,1.4708,1.4765,1.4688
2009-09-16,1.4708,1.467,1.4736,1.4641
2009-09-15,1.467,1.4639,1.4685,1.4561
2009-09-14,1.4639,1.4576,1.4651,1.4515
2009-09-11,1.457,1.4579,1.4633,1.4553
2009-09-10,1.458,1.4549,1.4612,1.4502
2009-09-09,1.4548,1.45,1.4599,1.4466
2009-09-08,1.4501,1.4333,1.4533,1.4328
2009-09-07,1.4332,1.432,1.4358,1.4317
2009-09-04,1.4295,1.4254,1.4326,1.4191
2009-09-03,1.4255,1.4272,1.4347,1.4236
2009-09-02,1.4272,1.4208,1.4293,1.4189
2009-09-01,1.4208,1.4335,1.4376,1.4177
2009-08-31,1.4335,1.4303,1.4367,1.4256
2009-08-28,1.4302,1.4369,1.4388,1.4281
2009-08-27,1.4369,1.4236,1.4405,1.4219
2009-08-26,1.4236,1.4282,1.435,1.4206
2009-08-25,1.4283,1.4292,1.4362,1.4253
2009-08-24,1.4292,1.4339,1.4359,1.4281
2009-08-21,1.4325,1.4254,1.4375,1.4208
2009-08-20,1.4254,1.4248,1.4274,1.42
2009-08-19,1.4249,1.4166,1.4266,1.4084
2009-08-18,1.4166,1.4106,1.4172,1.4069
2009-08-17,1.4106,1.4166,1.417,1.4045
2009-08-14,1.4202,1.4273,1.4306,1.416
2009-08-13,1.4273,1.4216,1.4327,1.4209
2009-08-12,1.4216,1.415,1.4246,1.4086
2009-08-11,1.415,1.4129,1.4185,1.411
2009-08-10,1.4129,1.4192,1.4218,1.4104
2009-08-07,1.4182,1.437,1.4412,1.4154
2009-08-06,1.437,1.4409,1.4431,1.4329
2009-08-05,1.4409,1.4415,1.4446,1.4356
2009-08-04,1.4414,1.4408,1.4431,1.4367
2009-08-03,1.4408,1.4287,1.4444,1.4206
2009-07-31,1.4256,1.4083,1.4278,1.4078
2009-07-30,1.4084,1.4015,1.4095,1.4014
2009-07-29,1.4014,1.4146,1.4194,1.4007
2009-07-28,1.4145,1.4245,1.4304,1.413
2009-07-27,1.4245,1.4193,1.4297,1.4171
2009-07-24,1.4202,1.4162,1.4253,1.4135
2009-07-23,1.4162,1.4203,1.4291,1.4119
2009-07-22,1.4203,1.4197,1.4257,1.4156
2009-07-21,1.4197,1.421,1.4277,1.4163
2009-07-20,1.421,1.4135,1.4248,1.4127
2009-07-17,1.4101,1.4131,1.4147,1.4063
2009-07-16,1.4131,1.4093,1.4165,1.4056
2009-07-15,1.4093,1.3979,1.4134,1.3968
2009-07-14,1.3979,1.4003,1.4014,1.3911
2009-07-13,1.4004,1.3973,1.4005,1.3897
2009-07-10,1.3935,1.401,1.4013,1.3878
2009-07-09,1.401,1.3862,1.4071,1.3859
2009-07-08,1.3862,1.3897,1.3938,1.3832
2009-07-07,1.3897,1.3992,1.405,1.3888
2009-07-06,1.3992,1.396,1.3998,1.3876
2009-07-03,1.398,1.3962,1.4027,1.3951
2009-07-02,1.3962,1.4145,1.4148,1.3927
2009-07-01,1.4145,1.404,1.4197,1.4001
2009-06-30,1.404,1.4098,1.4151,1.4001
2009-06-29,1.4098,1.4069,1.4112,1.3982
2009-06-26,1.4055,1.401,1.4117,1.4009
2009-06-25,1.401,1.3942,1.4013,1.3889
2009-06-24,1.3941,1.4069,1.4138,1.3889
2009-06-23,1.4069,1.3849,1.4107,1.3828
2009-06-22,1.3849,1.3935,1.3935,1.3826
2009-06-19,1.3937,1.3908,1.4011,1.3882
2009-06-18,1.3908,1.3968,1.4,1.3871
2009-06-17,1.3967,1.3815,1.3984,1.3811
2009-06-16,1.3815,1.3774,1.3932,1.3748
2009-06-15,1.3774,1.3977,1.3985,1.3755
2009-06-12,1.4015,1.4124,1.4127,1.3935
2009-06-11,1.4124,1.3988,1.4171,1.3943
2009-06-10,1.3988,1.4062,1.4143,1.3915
2009-06-09,1.4062,1.3928,1.4101,1.3852
2009-06-08,1.3928,1.3975,1.4002,1.3804
2009-06-05,1.3967,1.4167,1.4266,1.3933
2009-06-04,1.4167,1.4142,1.424,1.407
2009-06-03,1.4141,1.4288,1.4338,1.4109
2009-06-02,1.4288,1.418,1.4331,1.4101
2009-06-01,1.418,1.4105,1.4245,1.4099
2009-05-29,1.416,1.3947,1.4168,1.3943
2009-05-28,1.3948,1.3832,1.3983,1.3793
2009-05-27,1.3832,1.3991,1.3996,1.3823
2009-05-26,1.3992,1.4008,1.4022,1.386
2009-05-25,1.4008,1.4025,1.4027,1.3958
2009-05-22,1.3997,1.394,1.405,1.39
2009-05-21,1.394,1.3782,1.394,1.3728
2009-05-20,1.3783,1.3643,1.3829,1.3583
2009-05-19,1.3643,1.355,1.3667,1.353
2009-05-18,1.355,1.3453,1.3563,1.3423
2009-05-15,1.3495,1.3631,1.3649,1.3461
2009-05-14,1.3631,1.3539,1.3664,1.3525
2009-05-13,1.3539,1.3676,1.3721,1.3534
2009-05-12,1.3676,1.3584,1.3707,1.3563
2009-05-11,1.3584,1.3632,1.3667,1.3557
2009-05-08,1.3635,1.3386,1.365,1.3342
2009-05-07,1.3386,1.33,1.3468,1.3252
2009-05-06,1.3299,1.3303,1.3374,1.3246
2009-05-05,1.3304,1.3416,1.3435,1.3282
2009-05-04,1.3415,1.3288,1.3436,1.3212
2009-05-01,1.3264,1.3243,1.3327,1.3227
2009-04-30,1.3243,1.3265,1.3385,1.3191
2009-04-29,1.3266,1.313,1.334,1.312
2009-04-28,1.3131,1.3023,1.3166,1.2965
2009-04-27,1.3023,1.3218,1.3218,1.2999
2009-04-24,1.3241,1.3125,1.33,1.3113
2009-04-23,1.3126,1.3007,1.316,1.2979
2009-04-22,1.3007,1.2936,1.3036,1.2884
2009-04-21,1.2936,1.2904,1.2993,1.2897
2009-04-20,1.2904,1.3007,1.3018,1.2889
2009-04-17,1.3043,1.3186,1.3193,1.3017
2009-04-16,1.3186,1.3222,1.3268,1.3126
2009-04-15,1.3222,1.3267,1.3295,1.3146
2009-04-14,1.3267,1.3375,1.3376,1.3225
2009-04-13,1.3375,1.3152,1.3392,1.3126
2009-04-10,1.3187,1.312,1.3188,1.3092
2009-04-09,1.312,1.3251,1.3335,1.3089
2009-04-08,1.3252,1.3268,1.3308,1.3148
2009-04-07,1.3269,1.3322,1.3396,1.3226
2009-04-06,1.3322,1.3535,1.3581,1.3322
2009-04-03,1.3485,1.3472,1.3494,1.3365
2009-04-02,1.3472,1.3241,1.3517,1.324
2009-04-01,1.3241,1.3256,1.3285,1.3166
2009-03-31,1.3256,1.3188,1.3342,1.3173
2009-03-30,1.3188,1.3267,1.3285,1.3112
2009-03-27,1.3287,1.3528,1.3591,1.3256
2009-03-26,1.3527,1.3574,1.3639,1.3493
2009-03-25,1.3573,1.3481,1.3629,1.3418
2009-03-24,1.3481,1.3617,1.3678,1.3431
2009-03-23,1.3618,1.3627,1.3735,1.3485
2009-03-20,1.3581,1.3661,1.3726,1.3517
2009-03-19,1.366,1.3486,1.3737,1.3416
2009-03-18,1.3487,1.3032,1.3534,1.2986
2009-03-17,1.3031,1.2972,1.3041,1.2931
2009-03-16,1.2973,1.288,1.3071,1.2867
2009-03-13,1.2929,1.2897,1.2957,1.2862
2009-03-12,1.2896,1.2804,1.2945,1.2731
2009-03-11,1.2805,1.2714,1.2864,1.2616
2009-03-10,1.2715,1.262,1.2822,1.261
2009-03-09,1.2619,1.2714,1.2726,1.2555
2009-03-06,1.2653,1.2546,1.2754,1.2538
2009-03-05,1.2545,1.2632,1.2639,1.248
2009-03-04,1.2633,1.2529,1.2663,1.2456
2009-03-03,1.2528,1.2562,1.2677,1.2521
2009-03-02,1.2561,1.259,1.2631,1.2538
2009-02-27,1.2666,1.2716,1.275,1.2604
2009-02-26,1.2717,1.2716,1.281,1.2682
2009-02-25,1.2717,1.287,1.2898,1.269
2009-02-24,1.2871,1.2671,1.2877,1.2662
2009-02-23,1.267,1.279,1.2991,1.2664
2009-02-20,1.2826,1.2656,1.2884,1.2557
2009-02-19,1.2657,1.2566,1.2759,1.2556
2009-02-18,1.2565,1.2583,1.264,1.2512
2009-02-17,1.2582,1.2798,1.2799,1.2558
2009-02-16,1.2797,1.2789,1.2825,1.2726
2009-02-13,1.2862,1.2884,1.2941,1.282
2009-02-12,1.2883,1.2864,1.2942,1.272
2009-02-11,1.2865,1.2911,1.2996,1.2832
2009-02-10,1.291,1.2961,1.3074,1.2809
2009-02-09,1.296,1.2957,1.3093,1.2873
2009-02-06,1.2939,1.2787,1.299,1.2746
2009-02-05,1.2788,1.2853,1.2904,1.276
2009-02-04,1.2853,1.301,1.3069,1.2812
2009-02-03,1.301,1.2812,1.3055,1.2801
2009-02-02,1.2812,1.275,1.2897,1.2706
2009-01-30,1.2812,1.2937,1.294,1.2763
2009-01-29,1.2936,1.3152,1.3177,1.2915
2009-01-28,1.3151,1.3214,1.3325,1.3101
2009-01-27,1.3213,1.3185,1.3327,1.3118
2009-01-26,1.3185,1.2896,1.3234,1.2861
2009-01-23,1.2973,1.3003,1.3033,1.2764
2009-01-22,1.3004,1.2999,1.3082,1.2906
2009-01-21,1.3,1.2884,1.3085,1.2824
2009-01-20,1.2883,1.3093,1.3103,1.2845
2009-01-19,1.3094,1.3358,1.3381,1.3058
2009-01-16,1.3266,1.3158,1.3343,1.3143
2009-01-15,1.3159,1.3212,1.3239,1.3026
2009-01-14,1.3211,1.32,1.3336,1.3093
2009-01-13,1.3199,1.3358,1.3359,1.3141
2009-01-12,1.3357,1.3417,1.3444,1.3289
2009-01-09,1.3472,1.3697,1.375,1.3414
2009-01-08,1.3696,1.3611,1.3795,1.3533
2009-01-07,1.361,1.3508,1.3746,1.3432
2009-01-06,1.3507,1.3644,1.3644,1.3313
2009-01-05,1.3645,1.3956,1.3962,1.3546
2009-01-02,1.3923,1.3868,1.3986,1.3838
2009-01-01,1.399,1.3964,1.4002,1.3946
2008-12-31,1.3936,1.4138,1.4144,1.3851
2008-12-30,1.4139,1.4032,1.422,1.3987
2008-12-29,1.4033,1.4105,1.4362,1.3917
2008-12-26,1.4027,1.4049,1.4116,1.4021
2008-12-25,1.4015,1.4009,1.4051,1.3974
2008-12-24,1.3993,1.3936,1.4019,1.3934
2008-12-23,1.3937,1.3956,1.4021,1.3914
2008-12-22,1.3955,1.3976,1.4124,1.3903
2008-12-19,1.3907,1.4293,1.4309,1.3826
2008-12-18,1.4292,1.4405,1.4719,1.4186
2008-12-17,1.4406,1.4064,1.4437,1.4008
2008-12-16,1.4063,1.3695,1.4147,1.363
2008-12-15,1.3694,1.3441,1.3726,1.343
2008-12-12,1.3369,1.3327,1.3414,1.325
2008-12-11,1.3328,1.3013,1.3403,1.3004
2008-12-10,1.3012,1.2927,1.3069,1.2903
2008-12-09,1.2928,1.2911,1.3,1.2799
2008-12-08,1.2913,1.2729,1.2966,1.2728
2008-12-05,1.2718,1.2773,1.2797,1.2627
2008-12-04,1.2771,1.2704,1.2847,1.2552
2008-12-03,1.2706,1.2707,1.274,1.26
2008-12-02,1.2706,1.2595,1.2765,1.2563
2008-12-01,1.2596,1.2672,1.2702,1.2581
2008-11-28,1.269,1.2893,1.2957,1.2646
2008-11-27,1.2894,1.2896,1.2968,1.286
2008-11-26,1.2897,1.3031,1.3032,1.2819
2008-11-25,1.3032,1.2914,1.308,1.2804
2008-11-24,1.2915,1.2641,1.2959,1.2563
2008-11-21,1.2587,1.2438,1.2637,1.243
2008-11-20,1.2437,1.2503,1.2593,1.2423
2008-11-19,1.2502,1.2635,1.2813,1.2473
2008-11-18,1.2636,1.2641,1.27,1.2566
2008-11-17,1.2642,1.2522,1.2742,1.2512
2008-11-14,1.2604,1.2787,1.2799,1.2573
2008-11-13,1.2786,1.2456,1.2854,1.2389
2008-11-12,1.2457,1.2513,1.2631,1.2437
2008-11-11,1.2512,1.2745,1.28,1.2476
2008-11-10,1.2746,1.2824,1.2927,1.2718
2008-11-07,1.2717,1.2689,1.285,1.2653
2008-11-06,1.2688,1.2911,1.293,1.2674
2008-11-05,1.2914,1.2981,1.3114,1.2793
2008-11-04,1.298,1.2615,1.3048,1.2526
2008-11-03,1.2614,1.2772,1.2897,1.2576
2008-10-31,1.2727,1.2868,1.2884,1.2668
2008-10-30,1.2867,1.2956,1.3288,1.2805
2008-10-29,1.2957,1.2807,1.299,1.2627
2008-10-28,1.2806,1.2467,1.2842,1.233
2008-10-27,1.2466,1.2624,1.2685,1.2334
2008-10-24,1.2623,1.29,1.2907,1.2497
2008-10-23,1.2899,1.2772,1.3003,1.2733
2008-10-22,1.2773,1.3008,1.3033,1.2727
2008-10-21,1.3007,1.334,1.3353,1.3001
2008-10-20,1.3339,1.3443,1.353,1.3287
2008-10-17,1.3408,1.3489,1.3517,1.3386
2008-10-16,1.3488,1.3437,1.3538,1.3345
2008-10-15,1.3436,1.3563,1.3687,1.3424
2008-10-14,1.3564,1.3657,1.3768,1.3562
2008-10-13,1.3656,1.3601,1.3682,1.3457
2008-10-10,1.3408,1.3563,1.3649,1.3258
2008-10-09,1.3561,1.361,1.3785,1.3556
2008-10-08,1.3609,1.3571,1.3756,1.3545
2008-10-07,1.357,1.3515,1.3743,1.3483
2008-10-06,1.3517,1.3646,1.367,1.3443
2008-10-03,1.377,1.3787,1.3906,1.3702
2008-10-02,1.3786,1.3988,1.4016,1.3747
2008-10-01,1.3989,1.412,1.4174,1.3975
2008-09-30,1.4119,1.4368,1.4426,1.4008
2008-09-29,1.4367,1.4538,1.4569,1.4302
2008-09-26,1.4613,1.4664,1.4677,1.4554
2008-09-25,1.4663,1.4652,1.4767,1.4561
2008-09-24,1.4651,1.4685,1.4746,1.4603
2008-09-23,1.4684,1.4803,1.4825,1.4622
2008-09-22,1.4802,1.4491,1.4867,1.4453
2008-09-19,1.4467,1.4303,1.4498,1.415
2008-09-18,1.4302,1.4313,1.4542,1.4278
2008-09-17,1.4315,1.4168,1.4384,1.4097
2008-09-16,1.4167,1.4245,1.4282,1.4071
2008-09-15,1.4246,1.4317,1.4481,1.4084
2008-09-12,1.4223,1.4009,1.4231,1.3971
2008-09-11,1.4007,1.3936,1.404,1.3881
2008-09-10,1.3937,1.4095,1.4179,1.3935
2008-09-09,1.4094,1.4136,1.4226,1.4046
2008-09-08,1.4134,1.4353,1.4428,1.4053
2008-09-05,1.4267,1.4259,1.4347,1.4196
2008-09-04,1.426,1.4513,1.4542,1.421
2008-09-03,1.4512,1.4485,1.4521,1.4383
2008-09-02,1.4486,1.4583,1.4597,1.4464
2008-09-01,1.4582,1.4704,1.4708,1.4556
2008-08-29,1.4678,1.4702,1.4767,1.464
2008-08-28,1.4703,1.4747,1.4811,1.4671
2008-08-27,1.4745,1.4645,1.4775,1.4645
2008-08-26,1.4646,1.4727,1.4727,1.4571
2008-08-25,1.4726,1.4782,1.4807,1.4697
2008-08-22,1.4793,1.4889,1.4893,1.4759
2008-08-21,1.4888,1.4752,1.4908,1.4744
2008-08-20,1.4751,1.4792,1.4799,1.4672
2008-08-19,1.4793,1.4697,1.4805,1.463
2008-08-18,1.4696,1.4692,1.4766,1.4667
2008-08-15,1.4689,1.4776,1.4794,1.466
2008-08-14,1.4777,1.4897,1.4949,1.4763
2008-08-13,1.4899,1.4891,1.4977,1.4841
2008-08-12,1.489,1.4917,1.4964,1.4815
2008-08-11,1.4913,1.4933,1.5083,1.4879
2008-08-08,1.5005,1.5313,1.5314,1.4997
